player_name,team,position,age,games_played,games_started,passing_yards,passing_tds,interceptions,rushing_atts,rushing_yards,rushing_tds,targets,receptions,receiving_yards,receiving_tds,fumbles,fumbles_lost,two_point_conversions,two_point_conversions_passing,fantasy_points_standard,fantasy_points_ppr,position_rank,overall_rank,player_id
Christian McCaffrey,SFO,RB,27,16,16,0,0,0,272,1459,14,83,67,564,7,3,2,0,0,3240,3913,1,1,McCaCh01
CeeDee Lamb,DAL,WR,24,17,17,0,0,0,14,113,2,181,135,1749,12,3,2,1,0,2680,4032,1,2,LambCe00
Josh Allen,BUF,QB,27,17,17,4306,29,18,111,524,15,0,0,0,0,7,4,0,3,3930,3926,1,3,AlleJo02
Tyreek Hill,MIA,WR,29,16,16,0,0,0,6,15,0,171,119,1799,13,1,1,0,0,2570,3764,2,4,HillTy00
Jalen Hurts,PHI,QB,25,17,17,3858,23,15,157,605,15,0,0,0,0,9,5,0,0,3570,3568,2,5,HurtJa00
Raheem Mostert,MIA,RB,31,15,15,0,0,0,209,1012,18,32,25,175,3,4,1,0,0,2430,2677,2,6,MostRa00
Amon-Ra St. Brown,DET,WR,24,16,16,0,0,0,4,24,0,164,119,1515,10,1,1,0,0,2120,3309,3,7,StxxAm00
Dak Prescott,DAL,QB,30,17,17,4516,36,9,55,242,2,0,0,0,0,4,2,0,2,3430,3428,3,8,PresDa01
Mike Evans,TAM,WR,30,17,17,0,0,0,0,0,0,136,79,1255,13,0,0,0,0,2040,2825,4,9,EvanMi00
Lamar Jackson,BAL,QB,26,16,16,3678,24,7,148,821,5,0,0,0,0,11,6,0,1,3310,3312,4,10,JackLa00
Sam LaPorta,DET,TE,22,17,14,0,0,0,1,4,0,120,86,889,10,0,0,2,0,1530,2393,1,11,LaPoSa01
Travis Etienne,JAX,RB,24,17,17,0,0,0,267,1008,11,73,58,476,1,0,0,2,0,2240,2824,3,12,EtieTr00
Kyren Williams,LAR,RB,23,12,11,0,0,0,228,1144,12,48,32,206,3,3,2,1,0,2230,2550,4,13,WillKy02
Puka Nacua,LAR,WR,22,17,17,0,0,0,12,89,0,160,105,1486,6,1,0,0,0,1940,2985,5,14,NacuPu00
D.J. Moore,CHI,WR,26,17,17,0,0,0,4,21,1,136,96,1364,8,1,1,0,0,1910,2865,6,15,MoorD.00
Derrick Henry,TEN,RB,29,17,17,14,2,0,280,1167,12,36,28,214,0,0,0,0,0,2190,2467,5,16,HenrDe00
Joe Mixon,CIN,RB,27,17,17,0,0,0,257,1034,9,64,52,376,3,0,0,1,0,2150,2670,6,17,MixoJo00
Jordan Love,GNB,QB,25,17,17,4159,32,11,50,247,4,0,0,0,0,9,3,0,2,3190,3191,5,18,LoveJo03
Breece Hall,NYJ,RB,22,17,16,0,0,0,223,994,5,95,76,591,4,2,0,1,0,2150,2905,7,19,HallBr03
A.J. Brown,PHI,WR,26,17,17,0,0,0,0,0,0,158,106,1456,7,2,2,0,0,1840,2896,8,20,BrowAJ00
Deebo Samuel,SFO,WR,27,15,15,0,0,0,37,225,5,89,60,892,7,1,0,0,0,1840,2437,7,21,SamuDe00
George Kittle,SFO,TE,30,16,16,0,0,0,1,2,0,90,65,1020,6,0,0,0,0,1380,2032,2,22,KittGe00
Nico Collins,HOU,WR,24,15,10,0,0,0,1,7,0,109,80,1297,8,1,0,1,0,1800,2604,9,23,CollNi00
Rachaad White,TAM,RB,24,17,17,0,0,0,272,990,6,70,64,549,3,3,2,0,0,2040,2679,8,24,WhitRa01
Brandon Aiyuk,SFO,WR,25,16,16,0,0,0,0,0,0,105,75,1342,7,1,1,0,0,1740,2492,10,25,AiyuBr00
Travis Kelce,KAN,TE,34,15,15,0,0,0,0,0,0,121,93,984,5,1,1,0,0,1260,2194,3,26,KelcTr00
Keenan Allen,LAC,WR,31,13,13,49,1,0,2,6,0,150,108,1243,7,2,1,0,0,1710,2789,11,27,AlleKe00
T.J. Hockenson,MIN,TE,26,15,11,0,0,0,0,0,0,127,95,960,5,1,1,0,0,1240,2190,4,28,HockTJ00
Stefon Diggs,BUF,WR,30,17,17,0,0,0,1,5,0,160,107,1183,8,2,1,1,0,1670,2738,12,29,DiggSt00
David Njoku,CLE,TE,27,16,16,0,0,0,0,0,0,123,81,882,6,2,2,0,0,1200,2012,5,30,NjokDa00
Brock Purdy,SFO,QB,24,16,16,4280,31,11,39,144,2,0,0,0,0,6,2,0,0,2960,2956,6,31,PurdBr00
David Montgomery,DET,RB,26,14,14,0,0,0,219,1015,13,24,16,117,0,2,1,1,0,1910,2072,9,32,MontDa01
Ja'Marr Chase,CIN,WR,23,16,16,-7,0,0,3,-6,0,145,100,1216,7,1,0,0,0,1630,2627,13,33,ChasJa00
Davante Adams,LVR,WR,31,17,17,0,0,0,0,0,0,175,103,1144,8,0,0,0,0,1620,2654,14,34,AdamDa01
Jahmyr Gibbs,DET,RB,21,15,3,0,0,0,182,945,10,71,52,316,1,2,1,0,0,1900,2421,10,35,GibbJa01
Evan Engram,JAX,TE,29,17,15,0,0,0,0,0,0,143,114,963,4,3,2,0,0,1160,2303,6,36,EngrEv00
James Cook,BUF,RB,24,17,13,0,0,0,237,1122,2,54,44,445,4,4,2,0,0,1890,2327,11,37,CookJa01
Bijan Robinson,ATL,RB,21,17,16,0,0,0,214,976,4,86,58,487,4,4,3,0,0,1880,2463,12,38,RobiBi01
D.K. Metcalf,SEA,WR,26,16,16,0,0,0,0,0,0,119,66,1114,8,0,0,0,0,1590,2254,15,39,MetcDK00
Jared Goff,DET,QB,29,17,17,4575,30,12,32,21,2,0,0,0,0,6,4,0,2,2890,2891,7,40,GoffJa00
Taysom Hill,NOR,TE,33,16,7,83,1,0,81,401,4,40,33,291,2,1,1,0,0,1110,1435,7,41,HillTa00
Amari Cooper,CLE,WR,29,15,15,0,0,0,0,0,0,128,72,1250,5,2,1,1,0,1550,2270,16,42,CoopAm00
Saquon Barkley,NYG,RB,26,14,14,0,0,0,247,962,6,60,41,280,4,2,2,1,0,1820,2232,13,43,BarkSa00
Calvin Ridley,JAX,WR,29,17,17,0,0,0,9,23,0,136,76,1016,8,1,0,1,0,1540,2299,17,44,RidlCa00
Jayden Reed,GNB,WR,23,16,13,0,0,0,11,119,2,94,64,793,8,2,0,1,0,1530,2172,18,45,ReedJa03
Cole Kmet,CHI,TE,24,17,17,0,0,0,3,2,0,90,73,719,6,1,0,0,0,1080,1811,8,46,KmetCo00
Jordan Addison,MIN,WR,21,17,14,0,0,0,1,2,0,108,70,911,10,0,0,0,0,1510,2213,19,47,AddiJo00
Jake Ferguson,DAL,TE,24,17,16,0,0,0,0,0,0,102,71,761,5,0,0,0,0,1060,1771,9,48,FergJa00
DeAndre Hopkins,TEN,WR,31,17,16,0,0,0,2,9,0,137,75,1057,7,0,0,0,0,1490,2236,20,49,HopkDe00
Patrick Mahomes,KAN,QB,28,16,16,4183,27,14,75,389,0,0,0,0,0,5,3,0,0,2800,2802,8,50,MahoPa00
Jakobi Meyers,LVR,WR,27,16,16,12,1,0,4,24,2,106,71,807,8,0,0,0,0,1480,2186,21,51,MeyeJa01
James Conner,ARI,RB,28,13,13,0,0,0,208,1040,7,33,27,165,2,0,0,0,0,1750,2015,15,52,ConnJa00
Gus Edwards,BAL,RB,28,17,9,0,0,0,198,810,13,13,12,180,0,3,2,1,0,1750,1870,14,53,EdwaGu00
DeVonta Smith,PHI,WR,25,16,16,0,0,0,0,0,0,112,81,1066,7,1,1,0,0,1470,2276,22,54,SmitDe07
George Pickens,PIT,WR,22,17,16,0,0,0,3,18,0,106,63,1140,5,3,0,0,0,1460,2088,23,55,PickGe00
Trey McBride,ARI,TE,24,17,12,0,0,0,0,0,0,106,81,825,3,1,0,0,0,1010,1815,10,56,McBrTr01
Chris Olave,NOR,WR,23,16,11,0,0,0,0,0,0,138,87,1123,5,0,0,1,0,1440,2313,24,57,OlavCh00
C.J. Stroud,HOU,QB,22,15,15,4108,23,5,39,167,3,1,1,0,0,8,4,1,0,2750,2760,9,58,StroCJ00
Kenneth Walker III,SEA,RB,23,15,15,0,0,0,219,905,8,37,29,259,1,1,0,0,0,1700,1994,16,59,WalkKe00
Baker Mayfield,TAM,QB,28,17,17,4044,28,10,62,163,1,0,0,0,0,8,3,0,2,2740,2741,10,60,MayfBa00
Isiah Pacheco,KAN,RB,23,14,13,0,0,0,205,935,7,49,44,244,2,1,1,0,0,1700,2139,17,61,PachIs00
Michael Pittman Jr.,IND,WR,26,16,15,0,0,0,0,0,0,156,109,1152,4,2,1,2,0,1410,2502,25,62,PittMi01
Tony Pollard,DAL,RB,26,17,17,0,0,0,252,1005,6,67,55,311,0,3,1,1,0,1680,2226,18,63,PollTo00
Jerome Ford,CLE,RB,24,17,12,0,0,0,204,813,4,63,44,319,5,1,1,1,0,1670,2112,19,64,FordJe00
Najee Harris,PIT,RB,25,17,17,0,0,0,255,1035,8,38,29,170,0,2,1,0,0,1670,1955,20,65,HarrNa00
Tua Tagovailoa,MIA,QB,25,17,17,4624,29,14,35,74,0,0,0,0,0,13,5,0,0,2700,2704,11,66,TagoTu00
Dalton Schultz,HOU,TE,27,15,8,0,0,0,0,0,0,88,59,635,5,1,1,0,0,920,1505,11,67,SchuDa00
Mark Andrews,BAL,TE,28,10,9,0,0,0,1,0,0,61,45,544,6,1,0,0,0,900,1354,12,68,AndrMa00
De'Von Achane,MIA,RB,22,11,4,0,0,0,103,800,8,37,27,197,3,1,1,0,0,1640,1907,21,69,AchaDe00
Justin Jefferson,MIN,WR,24,10,9,0,0,0,1,-12,0,100,68,1074,5,1,1,0,0,1340,2022,26,70,JeffJu00
Brian Robinson Jr.,WAS,RB,24,15,15,0,0,0,178,733,5,43,36,368,4,4,2,1,0,1620,1981,22,71,RobiBr01
Rashee Rice,KAN,WR,23,16,8,0,0,0,1,-3,0,102,79,938,7,2,1,0,0,1340,2125,27,72,RiceRa01
D'Andre Swift,PHI,RB,24,16,15,0,0,0,229,1049,5,49,39,214,1,3,1,0,0,1600,1993,23,73,SwifDA00
Courtland Sutton,DEN,WR,28,16,14,0,0,0,0,0,0,90,59,772,10,3,3,0,0,1310,1902,28,74,SuttCo00
Terry McLaurin,WAS,WR,28,17,17,0,0,0,0,0,0,132,79,1002,4,0,0,0,0,1300,2092,29,75,McLaTe00
Trevor Lawrence,JAX,QB,24,16,16,4016,21,14,70,339,4,0,0,0,0,12,7,0,1,2630,2625,12,76,LawrTr00
Sam Howell,WAS,QB,23,17,17,3946,21,21,48,263,5,1,1,4,0,4,2,1,1,2570,2575,14,77,HoweSa00
Russell Wilson,DEN,QB,35,15,15,3070,26,8,80,341,3,0,0,0,0,10,5,0,2,2570,2569,13,78,WilsRu00
Matthew Stafford,LAR,QB,35,15,15,3965,24,11,21,65,0,0,0,0,0,0,0,1,1,2430,2431,15,0,StafMa00
Derek Carr,NOR,QB,32,17,17,3878,25,8,32,40,0,0,0,0,0,7,3,0,2,2410,2411,16,0,CarrDe02
Justin Herbert,LAC,QB,25,13,13,3134,20,7,52,228,3,1,1,10,0,4,1,0,1,2330,2342,17,0,HerbJu00
Justin Fields,CHI,QB,24,13,13,2562,16,9,124,657,4,0,0,0,0,10,4,0,0,2300,2302,18,0,FielJu00
Geno Smith,SEA,QB,33,15,15,3624,20,9,37,155,1,1,1,-2,0,5,3,0,2,2260,2273,19,0,SmitGe00
Joshua Dobbs,2TM,QB,28,13,12,2464,13,10,77,421,6,0,0,0,0,14,7,2,1,2010,2007,20,0,DobbJo00
Gardner Minshew II,IND,QB,27,17,13,3305,15,9,34,100,3,0,0,0,0,8,5,0,2,1960,1962,21,0,MinsGa00
Desmond Ridder,ATL,QB,24,15,13,2836,12,12,53,193,5,1,1,-6,0,12,7,0,2,1760,1771,22,0,RiddDe00
Alvin Kamara,NOR,RB,28,13,12,0,0,0,180,694,5,86,75,466,1,0,0,3,0,1580,2330,24,0,KamaAl00
Bryce Young,CAR,QB,22,16,16,2877,11,10,39,253,0,0,0,0,0,11,6,1,1,1560,1564,23,0,YounBr01
Kirk Cousins,MIN,QB,35,8,8,2331,18,5,14,25,0,0,0,0,0,7,4,0,0,1500,1497,24,0,CousKi00
Joe Burrow,CIN,QB,27,10,10,2309,15,6,31,88,0,0,0,0,0,2,1,0,0,1470,1472,25,0,BurrJo01
Kyler Murray,ARI,QB,26,8,8,1799,10,5,44,244,3,0,0,0,0,7,0,0,1,1460,1464,26,0,MurrKy00
Chuba Hubbard,CAR,RB,24,17,12,0,0,0,238,902,5,44,39,233,0,1,0,0,0,1440,1825,26,0,HubbCh01
Josh Jacobs,LVR,RB,25,13,13,0,0,0,233,805,6,54,37,296,0,3,1,0,0,1440,1811,25,0,JacoJo01
Jake Browning,CIN,QB,27,9,7,1936,12,7,27,127,3,1,1,-7,0,3,0,0,1,1430,1444,27,0,BrowJa08
Zack Moss,IND,RB,26,14,8,0,0,0,183,794,5,37,27,192,2,0,0,1,0,1430,1696,27,0,MossZa00
Devin Singletary,HOU,RB,26,17,10,6,1,0,216,898,4,38,30,193,0,1,0,0,0,1370,1673,29,0,SingDe00
Jonathan Taylor,IND,RB,24,10,7,0,0,0,169,741,7,23,19,153,1,1,0,0,0,1370,1564,28,0,TaylJo02
Jaylen Warren,PIT,RB,25,17,0,0,0,0,149,784,4,74,61,370,0,4,2,0,0,1350,1964,30,0,WarrJa01
Austin Ekeler,LAC,RB,28,14,14,0,0,0,179,628,5,74,51,436,1,5,4,0,0,1340,1854,31,0,EkelAu00
Javonte Williams,DEN,RB,23,16,13,0,0,0,217,774,3,58,47,228,2,1,1,2,0,1320,1792,32,0,WillJa10
Zay Flowers,BAL,WR,23,16,16,0,0,0,8,56,1,108,77,858,5,0,0,1,0,1290,2064,30,0,FlowZa00
Adam Thielen,CAR,WR,33,17,17,0,0,0,1,6,0,137,103,1014,4,2,0,1,0,1280,2310,31,0,ThieAd00
Jaylen Waddle,MIA,WR,25,14,14,0,0,0,3,12,0,104,72,1014,4,0,0,0,0,1270,1986,32,0,WaddJa00
Chris Godwin,TAM,WR,27,17,17,0,0,0,4,38,1,130,83,1024,2,0,0,1,0,1260,2092,33,0,GodwCh00
Aidan O'Connell,LVR,QB,25,11,10,2218,12,7,17,11,1,0,0,0,0,4,2,0,0,1260,1258,28,0,OConAi00
Ezekiel Elliott,NWE,RB,28,17,5,0,0,0,184,642,3,65,51,313,2,2,1,0,0,1240,1745,33,0,ElliEz00
Tyler Lockett,SEA,WR,31,17,17,0,0,0,0,0,0,122,79,894,5,0,0,2,0,1230,2024,34,0,LockTy00
Tyler Allgeier,ATL,RB,23,17,3,0,0,0,186,683,4,23,18,193,1,0,0,1,0,1200,1376,34,0,AllgTy00
Zach Wilson,NYJ,QB,24,12,11,2271,8,7,36,211,0,0,0,0,0,11,7,1,1,1200,1199,29,0,WilsZa00
Brandin Cooks,DAL,WR,30,16,15,0,0,0,5,35,0,81,54,657,8,1,0,1,0,1190,1732,35,0,CookBr00
Tank Dell,HOU,WR,24,11,8,0,0,0,11,51,0,75,47,709,7,1,0,0,0,1180,1650,37,0,DellNa00
Garrett Wilson,NYJ,WR,23,17,17,0,0,0,4,0,0,168,95,1042,3,2,2,0,0,1180,2132,36,0,WilsGa00
Gabriel Davis,BUF,WR,24,17,17,0,0,0,1,-2,0,81,45,746,7,1,1,1,0,1160,1614,38,0,DaviGa01
Romeo Doubs,GNB,WR,23,17,16,0,0,0,0,0,0,96,59,674,8,1,0,0,0,1150,1744,39,0,DoubRo00
Kenny Pickett,PIT,QB,25,12,12,2070,6,4,42,54,1,0,0,0,0,2,0,0,0,1100,1102,30,0,PickKe00
Rashid Shaheed,NOR,WR,25,15,8,0,0,0,7,37,0,75,46,719,5,1,1,0,0,1100,1556,40,0,ShahRa00
Rhamondre Stevenson,NWE,RB,25,12,12,0,0,0,156,619,4,51,38,238,0,1,1,0,0,1080,1457,35,0,StevRh00
Mac Jones,NWE,QB,25,11,11,2120,10,12,26,96,0,0,0,0,0,3,2,0,0,1060,1064,31,0,JoneMa05
Aaron Jones,GNB,RB,29,11,11,0,0,0,142,656,2,43,30,233,1,2,1,0,0,1050,1349,36,0,JoneAa00
Cooper Kupp,LAR,WR,30,12,12,0,0,0,1,-3,0,95,59,737,5,0,0,1,0,1050,1644,41,0,KuppCo00
Drake London,ATL,WR,22,16,16,22,0,0,0,0,0,110,69,905,2,0,0,1,0,1050,1744,42,0,LondDr00
Kareem Hunt,CLE,RB,28,15,2,0,0,0,135,411,9,21,15,84,0,0,0,0,0,1040,1185,37,0,HuntKa00
Alexander Mattison,MIN,RB,25,16,13,0,0,0,180,700,0,44,30,192,3,3,2,0,0,1030,1332,38,0,MattAl01
Diontae Johnson,PIT,WR,27,13,11,0,0,0,0,0,0,87,51,717,5,1,0,0,0,1020,1527,43,0,JohnDi01
Will Levis,TEN,QB,24,9,9,1808,8,4,25,57,1,0,0,0,0,7,4,0,1,1020,1020,32,0,LeviWi00
Tyjae Spears,TEN,RB,22,17,1,0,0,0,100,453,2,70,52,385,1,1,0,0,0,1020,1538,39,0,SpeaTy00
Joe Flacco,CLE,QB,38,5,5,1616,13,8,9,2,0,0,0,0,0,4,1,0,1,1010,1008,33,0,FlacJo00
Darius Slayton,NYG,WR,26,17,13,0,0,0,0,0,0,79,50,770,4,0,0,0,0,1010,1510,44,0,SlayDa01
AJ Dillon,GNB,RB,25,15,6,0,0,0,178,613,2,28,22,223,0,0,0,0,0,960,1176,40,0,DillAJ00
Tee Higgins,CIN,WR,24,12,11,0,0,0,0,0,0,76,42,656,5,0,0,0,0,960,1376,45,0,HiggTe00
Curtis Samuel,WAS,WR,27,16,13,0,0,0,7,39,1,91,62,613,4,0,0,0,0,950,1572,46,0,SamuCu00
Tommy DeVito,NYG,QB,25,9,6,1101,8,3,36,195,1,0,0,0,0,2,1,0,0,940,935,34,0,DeViTo00
Khalil Herbert,CHI,RB,25,12,9,0,0,0,132,611,2,31,20,134,1,1,1,1,0,930,1125,41,0,HerbKh00
Christian Kirk,JAX,WR,27,12,12,-1,0,0,1,6,0,85,57,787,3,2,2,0,0,930,1503,47,0,KirkCh01
Josh Downs,IND,WR,22,17,9,0,0,0,0,0,0,98,68,771,2,0,0,0,0,890,1571,48,0,DownJo00
Josh Reynolds,DET,WR,28,17,13,0,0,0,0,0,0,64,40,608,5,1,1,0,0,890,1288,49,0,ReynJo00
Jerry Jeudy,DEN,WR,24,16,11,0,0,0,0,0,0,87,54,758,2,1,0,0,0,880,1418,50,0,JeudJe00
Jaxon Smith-Njigba,SEA,WR,21,17,3,0,0,0,0,0,0,93,63,628,4,0,0,0,0,870,1498,51,0,SmitJa06
Tyrod Taylor,NYG,QB,34,11,5,1341,5,3,38,197,0,0,0,0,0,4,0,0,0,870,873,35,0,TaylTy00
Deshaun Watson,CLE,QB,28,6,6,1115,7,4,26,142,1,0,0,0,0,5,2,3,0,870,868,36,0,WatsDe00
Marquise Brown,ARI,WR,26,14,14,0,0,0,2,23,0,101,51,574,4,0,0,0,0,840,1347,52,0,BrowMa04
Kyle Pitts,ATL,TE,23,17,15,0,0,0,1,-4,0,90,53,667,3,0,0,0,0,840,1373,13,0,PittKy00
DJ Chark,CAR,WR,27,15,11,0,0,0,0,0,0,66,35,525,5,2,1,0,0,810,1155,54,0,CharDJ00
Justice Hill,BAL,RB,26,16,5,0,0,0,84,387,3,39,28,206,1,1,1,0,0,810,1093,42,0,HillJu00
Dontayvion Wicks,GNB,WR,22,15,6,14,0,0,1,1,0,58,39,581,4,3,1,0,0,810,1198,53,0,WickDo00
Ty Chandler,MIN,RB,25,17,4,0,0,0,102,461,3,25,21,159,0,0,0,0,0,800,1010,44,0,ChanTy01
D'Onta Foreman,CHI,RB,27,9,8,0,0,0,109,425,4,16,11,77,1,1,0,0,0,800,912,43,0,ForeDO00
Ryan Tannehill,TEN,QB,35,10,8,1616,4,7,17,74,1,1,0,0,0,4,0,0,0,800,800,37,0,TannRy00
Antonio Gibson,WAS,RB,25,16,2,0,0,0,65,265,1,59,48,389,2,4,2,0,0,790,1274,45,0,GibsAn00
Tyler Boyd,CIN,WR,29,17,13,0,0,1,2,11,0,98,67,667,2,0,0,0,0,780,1448,55,0,BoydTy00
Hunter Henry,NWE,TE,29,14,10,0,0,0,0,0,0,61,42,419,6,1,0,0,0,780,1199,14,0,HenrHu00
Dallas Goedert,PHI,TE,28,14,14,0,0,0,1,1,0,83,59,592,3,0,0,0,0,770,1363,15,0,GoedDa00
Dalton Kincaid,BUF,TE,24,16,11,0,0,0,0,0,0,91,73,673,2,1,1,0,0,770,1503,16,0,KincDa00
Michael Wilson,ARI,WR,23,13,12,0,0,0,0,0,0,58,38,565,3,0,0,1,0,770,1145,56,0,WilsMi02
Jahan Dotson,WAS,WR,23,17,16,0,0,0,0,0,0,83,49,518,4,0,0,0,0,760,1248,57,0,DotsJa00
Rico Dowdle,DAL,RB,25,16,0,0,0,0,89,361,2,22,17,144,2,0,0,0,0,750,915,47,0,DowdRi01
Jaleel McLaughlin,DEN,RB,23,17,3,0,0,0,76,410,1,36,31,160,2,0,0,0,0,750,1060,46,0,McLaJa00
Khalil Shakir,BUF,WR,23,17,10,0,0,0,1,10,0,45,39,611,2,1,0,0,0,740,1131,58,0,ShakKh00
Jonnu Smith,ATL,TE,28,17,6,0,0,0,1,0,0,70,50,582,3,1,1,0,0,740,1242,17,0,SmitJo01
Tutu Atwell,LAR,WR,24,16,14,0,0,0,5,31,0,67,39,483,3,0,0,1,1,730,1124,59,0,AtweTu00
Odell Beckham Jr.,BAL,WR,31,14,6,0,0,0,0,0,0,64,35,565,3,1,1,0,0,730,1075,63,0,BeckOd00
Zach Charbonnet,SEA,RB,22,16,2,0,0,0,108,462,1,40,33,209,0,0,0,0,0,730,1061,48,0,CharZa00
Elijah Moore,CLE,WR,23,17,12,0,0,0,9,11,0,104,59,640,2,2,2,0,0,730,1321,62,0,MoorEl00
Anthony Richardson,IND,QB,21,4,4,577,3,1,25,136,4,0,0,0,0,3,1,0,2,730,727,38,0,RichAn03
Wan'Dale Robinson,NYG,WR,22,15,8,0,0,0,9,87,1,78,60,525,1,0,0,0,0,730,1332,61,0,RobiWa01
Christian Watson,GNB,WR,24,9,9,0,0,0,4,11,0,53,28,422,5,0,0,0,0,730,1013,60,0,WatsCh00
K.J. Osborn,MIN,WR,26,16,12,0,0,0,0,0,0,75,48,540,3,1,0,0,0,720,1200,64,0,OsboKJ00
Logan Thomas,WAS,TE,32,16,15,0,0,0,1,2,0,78,55,496,4,2,2,1,0,720,1268,18,0,ThomLo00
Isaiah Likely,BAL,TE,23,17,8,0,0,0,0,0,0,40,30,411,5,0,0,0,0,710,1011,19,0,LikeIs00
Samaje Perine,DEN,RB,28,17,1,0,0,0,53,238,1,56,50,455,0,3,2,0,0,710,1213,49,0,PeriSa00
Cade Otton,TAM,TE,24,17,17,0,0,0,0,0,0,67,47,455,4,1,1,1,0,700,1165,20,0,OttoCa00
Dameon Pierce,HOU,RB,23,14,7,0,0,0,145,416,2,17,13,101,0,0,0,0,0,700,827,50,0,PierDa01
Noah Brown,HOU,WR,27,10,7,0,0,0,1,-1,0,55,33,567,2,0,0,0,0,690,1016,66,0,BrowNo00
Josh Palmer,LAC,WR,24,10,6,0,0,0,1,6,0,61,38,581,2,1,1,0,0,690,1067,65,0,PalmJo00
Bailey Zappe,NWE,QB,24,10,6,1272,6,9,17,83,1,0,0,0,0,2,1,0,0,690,692,39,0,ZappBa00
Roschon Johnson,CHI,RB,22,15,0,0,0,0,81,352,2,40,34,209,0,1,0,0,0,680,1021,51,0,JohnRo07
Easton Stick,LAC,QB,28,5,4,1129,3,1,27,144,1,0,0,0,0,5,4,0,0,680,676,40,0,SticEa00
Kenneth Gainwell,PHI,RB,24,16,2,17,0,0,84,364,2,37,30,183,0,3,1,1,0,670,974,52,0,GainKe00
Nick Mullens,MIN,QB,28,5,3,1306,7,8,10,25,0,0,0,0,0,2,0,0,0,670,667,41,0,MullNi00
Taylor Heinicke,ATL,QB,30,5,4,890,5,4,15,124,1,0,0,0,0,1,0,0,0,660,660,42,0,HeinTa00
Latavius Murray,BUF,RB,33,16,4,0,0,0,79,300,4,22,17,119,0,1,0,0,0,660,829,53,0,MurrLa00
Rondale Moore,ARI,WR,23,17,8,0,0,0,28,178,1,62,40,352,1,1,0,0,0,650,1050,67,0,MoorRo02
Jimmy Garoppolo,LVR,QB,32,7,6,1205,7,9,20,39,0,0,0,0,0,1,0,0,1,640,641,43,0,GaroJi00
Kendrick Bourne,NWE,WR,28,8,5,0,0,0,1,4,0,55,37,406,4,1,1,0,0,630,1000,69,0,BourKe00
Alec Pierce,IND,WR,23,17,16,0,0,0,0,0,0,65,32,514,2,0,0,0,0,630,954,68,0,PierAl00
Nelson Agholor,BAL,WR,30,17,3,0,0,0,0,0,0,45,35,381,4,1,0,0,0,620,971,71,0,AghoNe00
Tyler Conklin,NYJ,TE,28,17,12,0,0,0,1,0,0,87,61,621,0,0,0,0,0,620,1231,21,0,ConkTy00
Tyler Higbee,LAR,TE,30,15,15,0,0,0,0,0,0,70,47,495,2,0,0,0,0,620,1085,22,0,HigbTy00
Kalif Raymond,DET,WR,29,17,3,0,0,0,7,75,0,44,35,489,1,1,0,0,0,620,974,70,0,RaymKa00
Justin Watson,KAN,WR,28,16,8,0,0,0,0,0,0,53,27,460,3,1,1,0,0,620,890,72,0,WatsJu01
Juwan Johnson,NOR,TE,27,13,11,0,0,0,0,0,0,59,37,368,4,0,0,0,0,610,978,24,0,JohnJu02
Keaton Mitchell,BAL,RB,21,8,2,0,0,0,47,396,2,11,9,93,0,0,0,0,0,610,699,54,0,MitcKe01
Demarcus Robinson,LAR,WR,29,16,4,0,0,0,1,23,0,39,26,371,4,2,1,0,0,610,874,73,0,RobiDe01
Miles Sanders,CAR,RB,26,16,5,0,0,0,129,432,1,41,27,154,0,2,2,0,0,610,876,55,0,SandMi01
Darren Waller,NYG,TE,31,12,11,0,0,0,0,0,0,74,52,552,1,0,0,0,0,610,1132,23,0,WallDa01
Gerald Everett,LAC,TE,29,15,12,0,0,0,3,10,0,70,51,411,3,3,0,0,0,600,1111,25,0,EverGe00
Jerick McKinnon,KAN,RB,31,12,0,4,1,0,21,60,1,32,25,192,4,0,0,0,0,590,844,56,0,McKiJe00
Chigoziem Okonkwo,TEN,TE,24,17,11,0,0,0,2,6,0,77,54,528,1,0,0,0,0,590,1134,26,0,OkonCh00
Zamir White,LVR,RB,24,17,4,0,0,0,104,451,1,19,15,98,0,1,1,0,0,590,739,57,0,WhitZa01
Demario Douglas,NWE,WR,23,14,7,0,0,0,8,41,0,79,49,561,0,3,1,0,0,580,1072,74,0,DougDe00
Daniel Jones,NYG,QB,26,6,6,909,2,6,40,206,1,0,0,0,0,4,1,0,0,570,570,44,0,JoneDa05
Trey Palmer,TAM,WR,22,17,8,0,0,0,3,22,0,68,39,385,3,3,1,0,0,570,957,76,0,PalmTr00
Nick Westbrook-Ikhine,TEN,WR,26,14,9,0,0,0,0,0,0,45,28,370,3,0,0,1,0,570,850,75,0,WestNi00
Quentin Johnston,LAC,WR,22,17,10,0,0,0,3,9,0,67,38,431,2,0,0,0,0,560,940,78,0,JohnQu02
Jameson Williams,DET,WR,22,12,10,0,0,0,3,29,1,42,24,354,2,1,0,0,0,560,803,77,0,WillJa11
Michael Gallup,DAL,WR,27,17,13,0,0,0,0,0,0,57,34,418,2,0,0,0,0,540,878,80,0,GallMi00
Brandon Johnson,DEN,WR,25,13,2,0,0,0,0,0,0,30,19,284,4,0,0,1,0,540,734,79,0,JohnBr23
Joshua Kelley,LAC,RB,26,17,3,0,0,0,107,405,2,12,8,32,0,1,1,0,0,540,617,58,0,KellJo01
Tyson Bagent,CHI,QB,23,5,4,859,3,6,23,109,2,0,0,0,0,3,2,0,0,530,533,45,0,BageTy00
Clyde Edwards-Helaire,KAN,RB,24,15,3,0,0,0,70,223,1,22,17,188,1,0,0,0,0,530,701,59,0,EdwaCl00
Donald Parham,LAC,TE,26,14,8,0,0,0,0,0,0,41,27,285,4,0,0,0,0,530,795,27,0,ParhDo00
Tre Tucker,LVR,WR,22,16,1,0,0,0,10,77,0,34,19,331,2,0,0,0,0,530,718,81,0,TuckTr00
Emari Demercado,ARI,RB,24,14,2,0,0,0,58,284,2,30,21,119,0,0,0,0,0,520,733,60,0,DemeEm00
Michael Thomas,NOR,WR,30,10,7,0,0,0,0,0,0,64,39,448,1,0,0,0,0,510,898,82,0,ThomMi05
Marvin Mims,DEN,WR,21,16,7,0,0,0,9,30,0,33,22,377,1,2,2,0,0,490,707,84,0,MimsMa00
A.T. Perry,NOR,WR,24,10,3,0,0,0,0,0,0,18,12,246,4,0,0,0,0,490,606,85,0,PerrAT00
Mitchell Trubisky,PIT,QB,29,5,2,632,4,5,16,54,2,0,0,0,0,1,1,0,1,490,487,46,0,TrubMi00
Robert Woods,HOU,WR,31,14,11,0,0,0,1,7,0,75,40,426,1,0,0,0,0,490,893,83,0,WoodRo02
Tucker Kraft,GNB,TE,23,17,8,0,0,0,0,0,0,40,31,355,2,0,0,0,0,480,785,28,0,KrafTu00
Darnell Mooney,CHI,WR,26,15,14,0,0,0,2,5,0,61,31,414,1,0,0,0,0,480,789,86,0,MoonDa00
KaVontae Turpin,DAL,WR,27,16,0,0,0,0,11,110,1,18,12,127,3,1,0,0,0,480,597,87,0,TurpKa00
Cedrick Wilson Jr.,MIA,WR,28,15,3,0,0,0,0,0,0,38,22,296,3,0,0,0,0,480,696,88,0,WilsCe01
Chris Moore,TEN,WR,30,17,5,0,0,0,2,39,0,35,22,424,0,1,0,0,0,460,683,89,0,MoorCh00
Rashod Bateman,BAL,WR,24,16,12,0,0,0,1,18,0,56,32,367,1,0,0,0,0,450,765,90,0,BateRa00
Royce Freeman,LAR,RB,27,14,0,0,0,0,77,319,2,2,1,13,0,0,0,0,0,450,462,61,0,FreeRo00
Pat Freiermuth,PIT,TE,25,12,9,0,0,0,0,0,0,47,32,308,2,0,0,1,0,450,768,29,0,FreiPa00
Zay Jones,JAX,WR,28,9,7,0,0,0,0,0,0,64,34,321,2,0,0,0,0,440,781,91,0,JoneZa00
Michael Mayer,LVR,TE,22,14,12,0,0,0,0,0,0,40,27,304,2,0,0,1,0,440,714,30,0,MayeMi00
Kylen Granson,IND,TE,25,15,7,0,0,0,1,2,0,50,30,368,1,0,0,0,0,430,730,31,0,GranKy00
Noah Gray,KAN,TE,24,17,10,0,0,0,1,1,0,41,28,305,2,0,0,0,0,430,706,32,0,GrayNo00
Jamaal Williams,NOR,RB,28,13,4,0,0,0,106,306,1,20,18,62,0,1,0,0,0,430,608,62,0,WillJa06
Jordan Mason,SFO,RB,24,17,0,0,0,0,40,206,3,4,3,31,0,0,0,0,0,420,447,63,0,MasoJo00
Jonathan Mingo,CAR,WR,22,15,14,0,0,0,0,0,0,85,43,418,0,1,0,0,0,420,848,92,0,MingJo00
Elijah Mitchell,SFO,RB,25,11,1,0,0,0,75,281,2,8,6,14,0,0,0,0,0,420,475,64,0,MitcEl00
Greg Dortch,ARI,WR,25,16,4,0,0,0,1,5,0,41,24,280,2,0,0,0,0,410,645,93,0,DortGr01
Noah Fant,SEA,TE,26,17,17,0,0,0,0,0,0,43,32,414,0,0,0,0,0,410,734,33,0,FantNo00
Tanner Hudson,CIN,TE,29,12,1,0,0,0,0,0,0,50,39,352,1,0,0,0,0,410,802,34,0,HudsTa00
Luke Musgrave,GNB,TE,23,11,9,0,0,0,0,0,0,46,34,352,1,0,0,0,0,410,752,35,0,MusgLu00
Chase Brown,CIN,RB,23,12,0,0,0,0,44,179,0,15,14,156,1,1,0,0,0,400,535,65,0,BrowCh10
Mason Rudolph,PIT,QB,28,4,3,719,3,0,10,8,0,0,0,0,0,3,1,0,0,400,396,47,0,RudoMa00
Isaiah Hodgins,NYG,WR,25,17,9,0,0,0,0,0,0,33,21,230,3,1,1,0,0,390,600,95,0,HodgIs00
DeVante Parker,NWE,WR,30,13,13,0,0,0,0,0,0,55,33,394,0,0,0,0,0,390,724,94,0,ParkDe01
Jake Bobo,SEA,WR,25,17,0,0,0,0,1,3,1,25,19,196,2,0,0,0,0,380,569,97,0,BoboJa00
Xavier Gipson,NYJ,WR,22,17,3,0,0,0,8,68,1,38,21,229,0,5,2,0,0,380,587,98,0,GipsXa00
Trenton Irwin,CIN,WR,28,16,5,0,0,0,0,0,0,32,25,316,1,2,0,0,0,380,626,99,0,IrwiTr00
Brandon Powell,MIN,WR,28,17,2,0,0,0,5,17,0,44,29,324,1,1,1,0,0,380,671,96,0,PoweBr00
Pierre Strong,CLE,RB,25,17,1,0,0,0,63,291,1,8,5,47,0,1,1,0,0,380,428,66,0,StroPi00
Adam Trautman,DEN,TE,26,17,12,0,0,0,0,0,0,35,22,204,3,0,0,0,0,380,604,36,0,TrauAd00
Jalin Hyatt,NYG,WR,22,17,7,0,0,0,0,0,0,40,23,373,0,1,0,0,0,370,603,100,0,HyatJa00
Allen Lazard,NYJ,WR,28,14,12,0,0,0,0,0,0,49,23,311,1,0,0,0,0,370,601,101,0,LazaAl00
Colby Parkinson,SEA,TE,24,17,1,0,0,0,0,0,0,34,25,247,2,0,0,0,0,370,617,38,0,ParkCo02
Durham Smythe,MIA,TE,28,16,14,0,0,0,0,0,0,43,35,366,0,0,0,0,0,370,716,39,0,SmytDu00
Jalen Tolbert,DAL,WR,24,17,6,0,0,0,0,0,0,36,22,268,2,1,1,0,0,370,588,102,0,TolbJa00
Tommy Tremble,CAR,TE,23,16,8,0,0,0,0,0,0,32,23,194,3,0,0,0,0,370,604,37,0,TremTo00
Cam Akers,2TM,RB,24,7,1,0,0,0,60,167,2,12,11,70,0,0,0,0,0,360,467,68,0,AkerCa00
Mo Alie-Cox,IND,TE,30,17,7,0,0,0,0,0,0,22,13,161,3,0,0,1,0,360,491,41,0,AlieMo00
Calvin Austin,PIT,WR,24,17,1,0,0,0,11,57,1,30,17,180,1,2,0,0,0,360,527,103,0,AustCa00
Mike Gesicki,NWE,TE,28,17,10,0,0,0,0,0,0,45,29,244,2,0,0,0,0,360,654,40,0,GesiMi00
Andrei Iosivas,CIN,WR,24,16,1,0,0,0,0,0,0,25,15,116,4,0,0,0,0,360,506,104,0,IosiAn00
Chris Rodriguez,WAS,RB,23,13,0,0,0,0,51,247,2,2,2,12,0,1,1,0,0,360,379,67,0,RodrCh00
Marquez Valdes-Scantling,KAN,WR,29,16,10,0,0,0,0,0,0,42,21,315,1,1,1,0,0,360,565,105,0,ValdMa00
David Bell,CLE,WR,23,15,3,0,0,0,0,0,0,23,14,167,3,0,0,0,0,350,487,106,0,BellDa02
Michael Carter,2TM,RB,24,15,0,0,0,0,30,187,0,31,24,101,1,0,0,0,0,350,588,69,0,CartMi03
Darrell Henderson,LAR,RB,26,4,4,0,0,0,46,112,2,14,10,103,0,0,0,0,0,340,435,70,0,HendDa00
Lil'Jordan Humphrey,DEN,WR,25,17,8,0,0,0,0,0,0,19,13,162,3,0,0,0,0,340,472,107,0,HumpLi01
Brevin Jordan,HOU,TE,23,14,6,0,0,0,0,0,0,21,17,219,2,0,0,0,0,340,509,42,0,JordBr00
Jauan Jennings,SFO,WR,26,13,2,0,0,0,0,0,0,33,19,265,1,0,0,0,0,330,515,109,0,JennJa00
Dawson Knox,BUF,TE,27,12,11,0,0,0,0,0,0,36,22,186,2,0,0,1,0,330,546,43,0,KnoxDa00
Kendre Miller,NOR,RB,21,8,0,0,0,0,41,156,1,11,10,117,0,0,0,0,0,330,433,71,0,MillKe01
Skyy Moore,KAN,WR,23,14,8,0,0,0,3,23,0,38,21,244,1,0,0,0,0,330,537,108,0,MoorSk01
JuJu Smith-Schuster,NWE,WR,27,11,7,0,0,0,0,0,0,47,29,260,1,0,0,0,0,320,610,110,0,SmitJu00
Braxton Berrios,MIA,WR,28,16,1,0,0,0,1,11,0,33,27,238,1,1,0,0,0,310,579,112,0,BerrBr00
Josh Oliver,MIN,TE,26,17,14,0,0,0,0,0,0,28,22,213,2,1,1,0,0,310,533,44,0,OlivJo00
Mike Williams,LAC,WR,29,3,3,0,0,0,1,3,0,26,19,249,1,0,0,0,0,310,502,111,0,WillMi07
Matt Breida,NYG,RB,28,17,4,0,0,0,55,151,1,21,17,88,0,1,0,0,0,300,469,72,0,BreiMa00
Bo Melton,GNB,WR,24,5,1,0,0,0,3,21,0,24,16,218,1,0,0,0,0,300,459,113,0,MeltBo00
Alex Erickson,LAC,WR,31,8,3,0,0,0,0,0,0,29,16,232,1,0,0,0,0,290,452,114,0,EricAl01
Drew Lock,SEA,QB,27,4,2,543,3,3,5,14,0,0,0,0,0,0,0,0,0,290,291,48,0,LockDr00
Andrew Beck,HOU,FB,27,15,12,0,0,0,5,3,1,13,11,55,2,1,1,0,0,280,388,74,0,BeckAn01
Jimmy Graham,NOR,TE,37,13,2,0,0,0,0,0,0,7,6,39,4,0,0,0,0,280,339,46,0,GrahJi00
Scott Miller,ATL,WR,26,17,0,0,0,0,0,0,0,16,11,161,2,0,0,0,0,280,391,116,0,MillSc01
Cordarrelle Patterson,ATL,RB,32,14,0,0,0,0,50,181,0,12,9,38,1,1,0,0,0,280,369,73,0,PattCo00
Allen Robinson,PIT,WR,30,17,17,0,0,0,0,0,0,49,34,280,0,0,0,0,0,280,620,117,0,RobiAl02
Drew Sample,CIN,TE,27,17,10,0,0,0,0,0,0,27,22,163,2,0,0,0,0,280,503,45,0,SampDr00
Olamide Zaccheaus,PHI,WR,26,17,1,0,0,0,0,0,0,20,10,164,2,0,0,0,0,280,384,115,0,ZaccOl01
Salvon Ahmed,MIA,RB,25,8,0,0,0,0,22,61,1,23,16,88,1,0,0,0,0,270,429,76,0,AhmeSa01
Andrew Ogletree,IND,TE,25,12,9,0,0,0,0,0,0,21,9,147,2,0,0,0,0,270,357,47,0,OgleAn00
Trevor Siemian,NYJ,QB,32,5,3,724,2,4,11,40,0,0,0,0,0,5,3,0,0,270,270,49,0,SiemTr00
Jarrett Stidham,DEN,QB,27,3,2,496,2,1,9,8,0,0,0,0,0,1,0,0,0,270,266,50,0,StidJa00
Jeff Wilson,MIA,RB,28,10,0,0,0,0,41,188,0,17,14,85,0,0,0,0,0,270,413,75,0,WilsJe01
Jamal Agnew,JAX,WR,28,11,1,0,0,0,4,-2,0,21,14,225,1,1,1,0,0,260,403,118,0,AgneJa00
Daniel Bellinger,NYG,TE,23,17,13,0,0,0,0,0,0,28,25,255,0,0,0,0,0,260,505,48,0,BellDa00
Chase Edmonds,TAM,RB,27,13,0,0,0,0,49,176,0,17,14,81,0,0,0,0,0,260,397,77,0,EdmoCh00
Tyler Huntley,BAL,QB,25,5,1,203,3,0,15,55,0,0,0,0,0,0,0,0,0,260,256,52,0,HuntTy01
Kadarius Toney,KAN,WR,24,13,2,0,0,0,11,31,0,38,27,169,1,1,0,0,0,260,530,119,0,ToneKa00
Carson Wentz,LAR,QB,31,2,1,163,2,1,17,56,1,0,0,0,0,0,0,0,1,260,261,51,0,WentCa00
Ronnie Bell,SFO,WR,23,17,0,0,0,0,0,0,0,13,6,68,3,1,0,0,0,250,308,123,0,BellRo01
Pharaoh Brown,NWE,TE,29,17,11,0,0,0,0,0,0,15,13,208,1,1,1,0,0,250,378,51,0,BrowPh01
Harrison Bryant,CLE,TE,25,17,9,0,0,0,5,8,0,20,13,81,3,1,1,0,0,250,379,50,0,BryaHa00
Dalvin Cook,2TM,RB,28,15,1,0,0,0,67,214,0,20,15,78,0,2,2,0,0,250,402,79,0,CookDa01
Zach Ertz,ARI,TE,33,7,7,0,0,0,0,0,0,43,27,187,1,0,0,0,0,250,517,52,0,ErtzZa00
Deonte Harty,BUF,WR,26,16,1,0,0,0,4,0,0,21,15,150,1,2,1,0,0,250,400,122,0,HarrDe07
Mack Hollins,ATL,WR,30,13,3,0,0,0,0,0,0,30,18,251,0,0,0,0,0,250,431,121,0,HollMa00
D'Ernest Johnson,JAX,RB,27,17,0,0,0,0,41,108,0,12,10,140,0,0,0,0,0,250,348,81,0,JohnDE04
Ty Johnson,BUF,RB,26,10,0,0,0,0,30,132,0,7,7,62,1,1,0,0,0,250,324,78,0,JohnTy02
Julio Jones,PHI,WR,34,11,4,0,0,0,0,0,0,19,11,74,3,0,0,0,0,250,364,120,0,JoneJu02
Tony Jones,2TM,RB,26,7,1,0,0,0,26,95,2,10,7,37,0,0,0,0,0,250,322,80,0,JoneTo04
Kyle Juszczyk,SFO,FB,32,17,16,0,0,0,5,6,0,17,14,119,2,0,0,0,0,250,385,83,0,JuszKy00
Foster Moreau,NOR,TE,26,15,10,0,0,0,0,0,0,25,21,193,1,0,0,0,0,250,463,49,0,MoreFo00
Craig Reynolds,DET,RB,27,17,0,0,0,0,41,179,1,5,5,47,0,2,2,0,0,250,296,82,0,ReynCr00
Ihmir Smith-Marsette,CAR,WR,24,17,0,0,0,0,8,74,1,10,8,51,0,2,0,0,0,250,325,124,0,SmitIh00
Treylon Burks,TEN,WR,23,11,9,0,0,0,5,18,0,30,16,221,0,0,0,0,0,240,399,125,0,BurkTr00
Andy Dalton,CAR,QB,36,3,1,361,2,0,3,12,0,0,0,0,0,0,0,0,0,240,236,53,0,DaltAn00
Hayden Hurst,CAR,TE,30,9,8,0,0,0,0,0,0,32,18,184,1,0,0,0,0,240,424,53,0,HursHa00
Hunter Renfrow,LVR,WR,28,17,3,0,0,0,0,0,0,37,25,255,0,1,1,0,0,240,485,126,0,RenfHu00
Jacoby Brissett,WAS,QB,31,3,0,224,3,0,3,19,0,0,0,0,0,0,0,0,0,230,229,55,0,BrisJa00
Dyami Brown,WAS,WR,24,17,1,4,0,0,1,0,0,23,12,168,1,0,0,0,0,230,350,130,0,BrowDy00
Sam Darnold,SFO,QB,26,10,1,297,2,1,21,15,1,0,0,0,0,3,1,0,0,230,234,54,0,DarnSa00
Will Dissly,SEA,TE,27,16,14,0,0,0,0,0,0,22,17,172,1,0,0,0,0,230,402,55,0,DissWi00
Darrynton Evans,2TM,RB,25,7,0,0,0,0,32,121,1,12,7,49,0,0,0,0,0,230,300,84,0,EvanDa02
KhaDarel Hodge,ATL,WR,28,17,4,0,0,0,1,0,0,23,14,232,0,1,0,0,0,230,372,127,0,HodgKh00
Austin Hooper,LVR,TE,29,17,9,0,0,0,0,0,0,31,25,234,0,0,0,0,0,230,484,54,0,HoopAu00
Johnny Mundt,MIN,TE,29,17,0,0,0,0,0,0,0,23,17,172,1,0,0,0,0,230,402,56,0,MundJo00
Cedric Tillman,CLE,WR,23,14,3,0,0,0,1,8,0,44,21,224,0,0,0,0,0,230,442,128,0,TillCe01
Parker Washington,JAX,WR,21,9,1,0,0,0,0,0,0,21,16,132,2,2,1,0,0,230,392,129,0,WashPa01
Ameer Abdullah,LVR,RB,30,17,0,0,0,0,15,89,0,24,19,131,0,0,0,0,0,220,410,85,0,AbduAm00
Tank Bigsby,JAX,RB,22,17,0,0,0,0,50,132,2,4,1,6,0,2,2,0,0,220,228,86,0,BigsTa00
Elijah Higgins,ARI,TE,23,11,2,0,0,0,0,0,0,19,14,163,1,0,0,0,0,220,363,57,0,HiggEl00
Jalen Reagor,NWE,WR,24,11,1,0,0,0,1,17,0,23,7,138,0,0,0,0,0,220,285,131,0,ReagJa00
Stone Smartt,LAC,TE,25,16,3,0,0,0,0,0,0,21,11,155,1,0,0,0,0,220,325,58,0,SmarSt00
Dorian Thompson-Robinson,CLE,QB,24,8,3,440,1,4,14,65,0,0,0,0,0,2,0,1,0,220,221,56,0,ThomDo02
C.J. Beathard,JAX,QB,30,7,1,349,1,0,8,35,0,0,0,0,0,1,0,0,0,210,215,57,0,BeatC.00
Derius Davis,LAC,WR,23,17,2,0,0,0,14,101,0,17,15,66,0,3,1,0,0,210,357,133,0,DaviDe02
Van Jefferson,2TM,WR,27,17,9,0,0,0,1,4,0,43,20,209,0,0,0,0,0,210,413,132,0,JeffVa00
Will Mallory,IND,TE,24,12,2,0,0,0,0,0,0,26,18,207,0,1,0,0,0,210,387,59,0,MallWi00
Jamison Crowder,WAS,WR,30,17,0,0,0,0,0,0,0,20,16,159,1,2,1,0,0,200,359,135,0,CrowJa00
P.J. Walker,CLE,QB,28,6,2,674,1,5,13,30,0,0,0,0,0,4,2,0,0,200,200,58,0,WalkPh00
Quez Watkins,PHI,WR,25,9,5,0,0,0,0,0,0,21,15,142,1,0,0,0,0,200,352,134,0,WatkQu00
Robbie Chosen,MIA,WR,30,9,0,0,0,0,0,0,0,6,4,126,1,0,0,0,0,190,226,137,0,AndeRo04
Nick Chubb,CLE,RB,28,2,2,0,0,0,28,170,0,4,4,21,0,0,0,0,0,190,231,87,0,ChubNi00
Malik Heath,GNB,WR,23,13,1,0,0,0,0,0,0,24,15,125,1,0,0,0,0,190,335,138,0,HeatMa00
Luke Schoonmaker,DAL,TE,25,17,0,0,0,0,0,0,0,15,8,65,2,0,0,0,0,190,265,60,0,SchoLu00
Tyler Scott,CHI,WR,22,17,4,0,0,0,7,41,0,32,17,168,0,1,1,0,0,190,359,136,0,ScotTy00
Patrick Taylor,GNB,RB,25,11,0,0,0,0,32,141,0,17,11,49,0,0,0,0,0,190,300,88,0,TaylPa01
River Cracraft,MIA,WR,29,10,1,0,0,0,0,0,0,12,9,121,1,0,0,0,0,180,271,139,0,CracRi00
Kevin Harris,NWE,RB,23,4,0,0,0,0,16,65,1,3,3,58,0,0,0,0,0,180,213,89,0,HarrKe01
Davis Mills,HOU,QB,25,6,0,173,2,0,2,9,0,0,0,0,0,0,0,0,1,180,178,59,0,MillDa02
Deven Thompkins,TAM,WR,24,17,1,0,0,0,8,56,0,25,17,83,1,3,1,0,0,180,349,140,0,ThomDe07
Melvin Gordon,BAL,RB,30,4,0,0,0,0,26,81,1,3,3,46,0,1,1,0,0,170,197,92,0,GordMe00
Damien Harris,BUF,RB,26,6,0,0,0,0,23,94,1,2,2,16,0,0,0,0,0,170,190,91,0,HarrDa06
Connor Heyward,PIT,TE,24,17,7,0,0,0,1,0,0,34,23,167,0,0,0,0,0,170,397,62,0,HeywCo00
Ray-Ray McCloud,SFO,WR,27,12,1,0,0,0,3,30,0,15,12,135,0,1,0,0,0,170,285,141,0,McClRa00
MyCole Pruitt,ATL,TE,31,17,8,0,0,0,0,0,0,12,9,110,1,1,0,0,0,170,260,61,0,PruiMy00
Trey Sermon,IND,RB,24,14,0,0,0,0,35,160,0,6,3,13,0,0,0,0,0,170,203,90,0,SermTr00
Davis Allen,LAR,TE,22,15,1,0,0,0,0,0,0,11,10,95,1,0,0,0,0,160,255,63,0,AlleDa02
Luke Farrell,JAX,TE,26,17,8,0,0,0,0,0,0,15,13,155,0,0,0,0,0,160,285,64,0,FarrLu00
Lucas Krull,DEN,TE,25,7,2,0,0,0,0,0,0,14,8,95,1,0,0,0,0,160,235,65,0,KrulLu00
John Metchie,HOU,WR,23,16,0,0,0,0,1,4,0,30,16,158,0,0,0,0,0,160,322,142,0,MetcJo00
Donovan Peoples-Jones,2TM,WR,24,15,6,0,0,0,0,0,0,25,13,155,0,1,0,0,0,160,285,144,0,PeopDo00
Kyle Philips,TEN,WR,24,9,0,0,0,0,0,0,0,22,15,181,0,1,1,0,0,160,311,143,0,PhilKy01
Irv Smith Jr.,CIN,TE,25,12,6,0,0,0,0,0,0,26,18,115,1,1,1,0,0,160,335,66,0,SmitIr01
John Bates,WAS,TE,26,17,4,0,0,0,0,0,0,28,19,151,0,0,0,0,0,150,341,68,0,BateJo00
Jalen Guyton,LAC,WR,26,8,3,0,0,0,0,0,0,21,10,89,1,0,0,0,0,150,249,146,0,GuytJa01
Charlie Kolar,BAL,TE,24,15,3,0,0,0,0,0,0,9,7,87,1,0,0,0,0,150,217,71,0,KolaCh00
David Moore,TAM,WR,28,7,0,0,0,0,0,0,0,7,5,94,1,0,0,0,0,150,204,145,0,MoorDa03
Ronnie Rivers,LAR,RB,24,9,1,0,0,0,32,129,0,5,5,22,0,0,0,0,0,150,201,93,0,RiveRo01
Jeremy Ruckert,NYJ,TE,23,15,6,0,0,0,0,0,0,22,16,151,0,0,0,0,0,150,311,69,0,RuckJe00
Trent Sherfield,BUF,WR,27,17,1,0,0,0,0,0,0,22,11,86,1,0,0,0,0,150,256,147,0,SherTr00
Josh Whyle,TEN,TE,24,11,3,0,0,0,0,0,0,15,9,94,1,0,0,0,0,150,244,67,0,WhylJo01
Brock Wright,DET,TE,25,14,4,0,0,0,0,0,0,14,13,91,1,0,0,0,0,150,281,70,0,WrigBr01
Chase Claypool,2TM,WR,25,12,2,0,0,0,0,0,0,21,8,77,1,0,0,0,0,140,217,152,0,ClayCh01
Jeff Driskel,CLE,QB,30,1,1,166,2,2,7,33,0,0,0,0,0,0,0,0,0,140,139,60,0,DrisJe00
Xavier Hutchinson,HOU,WR,23,16,0,0,0,0,5,49,0,19,8,90,0,0,0,0,0,140,219,150,0,HutcXa00
Charlie Jones,CIN,WR,25,11,0,0,0,0,2,13,0,9,7,64,0,0,0,0,0,140,207,153,0,JoneCh11
Terrace Marshall Jr.,CAR,WR,23,9,4,0,0,0,0,0,0,33,19,139,0,1,0,0,0,140,329,151,0,MarsTe00
Byron Pringle,WAS,WR,30,17,1,0,0,0,0,0,0,22,14,161,0,1,1,0,0,140,281,149,0,PrinBy00
Ben Skowronek,LAR,WR,26,17,0,0,0,0,2,9,0,12,8,66,1,0,0,0,0,140,215,154,0,SkowBe00
Tyquan Thornton,NWE,WR,23,9,3,0,0,0,3,51,0,23,13,91,0,0,0,0,0,140,272,148,0,ThorTy00
Jordan Akins,CLE,TE,31,17,4,0,0,0,0,0,0,23,15,132,0,0,0,0,0,130,282,72,0,AkinJo00
Isaiah Spiller,LAC,RB,22,9,0,0,0,0,37,96,0,6,6,34,0,0,0,0,0,130,190,94,0,SpilIs00
Stephen Sullivan,CAR,TE,27,11,0,0,0,0,0,0,0,24,12,125,0,0,0,0,0,130,245,73,0,SullSt00
Lynn Bowden Jr.,NOR,WR,26,15,3,0,0,0,5,32,0,16,11,83,0,1,0,0,0,120,225,158,0,BowdLy00
Jason Brownlee,NYJ,WR,24,7,5,0,0,0,0,0,0,8,5,56,1,0,0,0,0,120,166,156,0,BrowJa07
Randall Cobb,NYJ,WR,33,11,1,0,0,0,0,0,0,17,5,39,1,0,0,1,0,120,169,155,0,CobbRa00
Tyler Goodson,IND,RB,23,6,1,0,0,0,13,87,0,9,6,34,0,0,0,0,0,120,181,95,0,GoodTy00
Alec Ingold,MIA,FB,27,17,13,0,0,0,2,0,0,16,13,119,0,0,0,0,0,120,249,96,0,IngoAl01
Marcus Mariota,PHI,QB,30,3,0,164,1,1,8,52,0,0,0,0,0,1,1,0,0,120,118,62,0,MariMa01
D.J. Montgomery,IND,WR,27,7,0,0,0,0,0,0,0,8,3,56,1,0,0,0,0,120,146,157,0,MontDJ01
Boston Scott,PHI,RB,28,15,0,0,0,0,20,86,0,6,4,52,0,1,1,0,0,120,158,97,0,ScotBo02
Laviska Shenault Jr.,CAR,WR,25,8,0,0,0,0,12,55,0,10,10,60,0,1,0,0,0,120,215,159,0,ShenLa00
Cole Turner,WAS,TE,23,12,1,0,0,0,0,0,0,15,11,120,0,0,0,0,0,120,230,74,0,TurnCo00
C.J. Uzomah,NYJ,TE,30,12,8,0,0,0,0,0,0,12,8,58,1,0,0,0,0,120,198,75,0,UzomC.00
Jameis Winston,NOR,QB,29,7,0,264,2,3,5,-6,0,0,0,0,0,0,0,0,0,120,120,61,0,WinsJa00
Raheem Blackshear,CAR,RB,24,12,0,0,0,0,14,46,0,7,6,45,0,0,0,1,0,110,171,99,0,BlacRa00
Brandon Bolden,LVR,RB,33,17,0,0,0,0,4,31,1,0,0,0,0,0,0,1,0,110,111,100,0,BoldBr00
Tim Boyle,NYJ,QB,29,3,2,360,1,4,4,5,0,0,0,0,0,2,0,0,0,110,109,63,0,BoylTi00
Chris Brooks,MIA,RB,23,9,0,0,0,0,19,106,0,0,0,0,0,0,0,0,0,110,106,103,0,BrooCh00
Mecole Hardman,2TM,WR,25,11,2,0,0,0,1,3,0,24,15,124,0,1,1,0,0,110,257,160,0,HardMe00
La'Mical Perine,KAN,RB,25,3,1,0,0,0,22,77,0,5,3,33,0,0,0,0,0,110,140,101,0,PeriLa00
Patrick Ricard,BAL,FB,29,17,9,0,0,0,0,0,0,7,5,52,1,0,0,0,0,110,162,98,0,RicaPa00
Robert Tonyan,CHI,TE,29,17,6,0,0,0,0,0,0,17,11,112,0,0,0,0,0,110,222,76,0,TonyRo00
Emanuel Wilson,GNB,RB,24,7,0,0,0,0,14,85,0,5,4,23,0,1,0,0,0,110,148,102,0,WilsEm00
Lawrence Cager,NYG,TE,26,11,0,0,0,0,0,0,0,5,4,36,1,0,0,0,0,100,136,77,0,CageLa01
Parris Campbell,NYG,WR,26,12,3,0,0,0,0,0,0,27,20,104,0,0,0,0,0,100,304,161,0,CampPa00
J.K. Dobbins,BAL,RB,25,1,1,0,0,0,8,22,1,3,2,15,0,0,0,0,0,100,117,105,0,DobbJK00
Marquise Goodwin,CLE,WR,33,12,0,0,0,0,4,33,0,13,4,67,0,0,0,0,0,100,140,163,0,GoodMa00
Keaontay Ingram,ARI,RB,24,8,1,0,0,0,35,74,0,4,4,26,0,0,0,0,0,100,140,104,0,IngrKe01
Case Keenum,HOU,QB,35,2,2,291,1,3,2,1,0,0,0,0,0,1,0,0,0,100,97,64,0,KeenCa00
Keith Kirkwood,NOR,WR,29,13,4,0,0,0,0,0,0,9,5,37,1,0,0,0,0,100,147,164,0,KirkKe00
Hunter Luepke,DAL,RB,23,17,0,0,0,0,6,19,1,4,3,18,0,0,0,0,0,100,127,106,0,LuepHu00
Sterling Shepard,NYG,WR,30,15,2,0,0,0,1,6,0,22,10,57,1,1,1,0,0,100,203,162,0,ShepSt00
Brenton Strange,JAX,TE,23,14,4,0,0,0,0,0,0,9,5,35,1,0,0,0,0,100,145,78,0,StraBr00
Israel Abanikanda,NYJ,RB,21,6,0,0,0,0,22,70,0,11,7,43,0,1,1,0,0,90,163,107,0,AbanIs00
Nick Bawden,NYJ,FB,27,16,2,0,0,0,2,4,1,3,3,21,0,0,0,0,0,90,115,108,0,BawdNi00
Richie James,KAN,WR,28,9,1,0,0,0,0,0,0,14,10,114,0,2,1,0,0,90,194,165,0,JameRi00
Marcedes Lewis,CHI,TE,39,17,4,0,0,0,0,0,0,5,4,29,1,0,0,0,0,90,129,80,0,LewiMa00
Quintin Morris,BUF,TE,24,15,0,0,0,0,0,0,0,3,2,26,1,0,0,0,0,90,106,81,0,MorrQu00
Geoff Swaim,ARI,TE,30,14,8,0,0,0,0,0,0,11,10,94,0,0,0,0,0,90,194,79,0,SwaiGe00
Brycen Hopkins,LAR,TE,26,15,0,0,0,0,0,0,0,7,5,78,0,0,0,0,0,80,128,83,0,HopkBr01
Tim Jones,JAX,WR,25,17,2,0,0,0,0,0,0,18,11,83,0,0,0,0,0,80,193,166,0,JoneTi00
Dare Ogunbowale,HOU,RB,29,12,0,0,0,0,8,35,0,7,2,18,0,0,0,0,0,80,103,109,0,OgunDa00
Ben Sims,GNB,TE,23,17,1,0,0,0,0,0,0,6,4,21,1,0,0,0,0,80,121,82,0,SimsBe00
Samori Toure,GNB,WR,25,11,0,0,0,0,0,0,0,18,8,78,0,1,1,1,0,80,158,167,0,TourSa00
Deuce Vaughn,DAL,RB,22,7,0,0,0,0,23,40,0,7,7,40,0,0,0,0,0,80,150,110,0,VaugDe00
Trayveon Williams,CIN,RB,26,17,0,0,0,0,15,69,0,9,7,10,0,0,0,0,0,80,149,111,0,WillTr06
Blake Bell,KAN,TE,32,17,3,0,0,0,0,0,0,9,5,26,1,1,1,0,0,70,116,84,0,BellBl00
Gary Brightwell,NYG,RB,24,7,0,0,0,0,9,19,0,7,5,47,0,0,0,0,0,70,116,113,0,BrigGa00
Chris Conley,SFO,WR,31,8,0,0,0,0,0,0,0,6,3,69,0,0,0,0,0,70,99,170,0,ConlCh00
Josiah Deguara,GNB,TE,26,15,4,0,0,0,0,0,0,8,8,65,0,0,0,0,0,70,145,85,0,DeguJo00
Simi Fehoko,LAC,WR,26,6,0,0,0,0,0,0,0,2,1,9,1,0,0,0,0,70,79,171,0,FehoSi00
Eric Gray,NYG,RB,24,13,0,0,0,0,17,48,0,7,6,22,0,3,0,0,0,70,130,112,0,GrayEr01
Tyler Johnson,LAR,WR,25,1,0,0,0,0,0,0,0,3,2,8,1,0,0,0,0,70,88,172,0,JohnTy00
Velus Jones Jr.,CHI,WR,26,14,0,0,0,0,8,51,0,7,4,20,0,0,0,0,0,70,111,168,0,JoneVe00
Clayton Tune,ARI,QB,24,7,1,62,0,2,8,30,1,0,0,0,0,2,1,1,0,70,75,65,0,TuneCl00
Tylan Wallace,BAL,WR,24,11,0,0,0,0,0,0,0,2,1,11,0,0,0,0,0,70,81,169,0,WallTy00
Jalen Brooks,DAL,WR,23,7,0,0,0,0,0,0,0,6,6,64,0,0,0,0,0,60,124,173,0,BrooJa03
DeAndre Carter,LVR,WR,30,17,1,0,0,0,3,18,0,7,4,39,0,2,0,0,0,60,97,176,0,CartDe02
Payne Durham,TAM,TE,23,13,2,0,0,0,0,0,0,7,5,58,0,0,0,0,0,60,108,88,0,DurhPa00
Blaine Gabbert,KAN,QB,34,2,1,185,0,3,7,45,0,0,0,0,0,0,0,0,0,60,59,66,0,GabbBl00
Rakim Jarrett,TAM,WR,22,10,0,0,0,0,1,0,0,9,4,60,0,0,0,0,0,60,100,175,0,JarrRa00
Ko Kieft,TAM,TE,25,16,6,0,0,0,0,0,0,5,1,2,1,0,0,0,0,60,72,86,0,KiefKo00
Isaiah McKenzie,IND,WR,28,13,2,0,0,0,3,14,0,14,11,82,0,3,2,0,0,60,166,177,0,McKeIs00
Equanimeous St. Brown,CHI,WR,27,7,2,0,0,0,0,0,0,6,5,62,0,0,0,0,0,60,112,174,0,St.BEq00
Ian Thomas,CAR,TE,27,12,5,0,0,0,0,0,0,9,5,56,0,0,0,0,0,60,106,89,0,ThomIa00
Darnell Washington,PIT,TE,22,17,7,0,0,0,0,0,0,10,7,61,0,0,0,0,0,60,131,87,0,WashDa03
Mitchell Wilcox,CIN,TE,27,17,4,0,0,0,0,0,0,12,9,56,0,0,0,0,0,60,146,90,0,WilcMi01
Damien Williams,ARI,RB,31,3,0,0,0,0,11,43,0,2,2,12,0,0,0,0,0,60,75,114,0,WillDa05
Brian Hoyer,LVR,QB,38,3,1,231,0,2,3,-3,0,0,0,0,0,0,0,0,0,50,49,67,0,HoyeBr00
Ty Montgomery,NWE,WR,30,13,0,0,0,0,3,9,0,12,5,40,0,0,0,0,0,50,99,179,0,MontTy01
Justyn Ross,KAN,WR,24,10,1,0,0,0,0,0,0,11,6,53,0,0,0,0,0,50,113,178,0,RossJu00
Brett Rypien,LAR,QB,27,2,1,172,0,1,3,19,0,0,0,0,0,2,1,0,0,50,48,68,0,RypiBr00
Mike Strachan,CAR,WR,26,4,1,0,0,0,0,0,0,3,1,45,0,0,0,0,0,50,55,180,0,StraMi03
Michael Burton,DEN,FB,31,17,3,0,0,0,7,9,0,3,3,8,0,0,0,1,0,40,67,118,0,BurtMi00
Grant Calcaterra,PHI,TE,25,15,1,0,0,0,0,0,0,4,4,39,0,0,0,0,0,40,79,91,0,CalcGr00
Elijah Cooks,JAX,WR,25,9,0,0,0,0,0,0,0,4,3,38,0,0,0,0,0,40,68,182,0,CookEl00
Britain Covey,PHI,WR,26,16,0,0,0,0,0,0,0,6,4,42,0,2,0,0,0,40,82,181,0,CoveBr00
Leonard Fournette,BUF,RB,28,2,0,0,0,0,12,40,0,0,0,0,0,0,0,0,0,40,40,116,0,FourLe00
Peyton Hendershot,DAL,TE,24,8,1,0,0,0,1,0,0,7,4,38,0,0,0,0,0,40,78,92,0,HendPe01
Rashaad Penny,PHI,RB,27,3,0,0,0,0,11,33,0,1,1,5,0,0,0,0,0,40,48,117,0,PennRa00
Jack Stoll,PHI,TE,25,17,10,0,0,0,0,0,0,8,5,38,0,0,0,0,0,40,88,93,0,StolJa00
Ke'Shawn Vaughn,TAM,RB,26,6,0,0,0,0,24,42,0,5,2,2,0,0,0,0,0,40,64,115,0,VaugKe00
Khari Blasingame,CHI,FB,27,16,2,0,0,0,8,26,0,6,3,2,0,0,0,0,0,30,58,122,0,BlasKh00
Keelan Doss,LAC,WR,27,5,0,0,0,0,0,0,0,13,6,33,0,0,0,0,0,30,93,183,0,DossKe00
Greg Dulcich,DEN,TE,23,2,1,0,0,0,0,0,0,4,3,25,0,0,0,0,0,30,55,99,0,DulcGr00
Devin Duvernay,BAL,WR,26,13,1,0,0,0,4,15,0,9,4,18,0,0,0,0,0,30,73,184,0,DuveDe00
Derrick Gore,WAS,RB,29,6,0,0,0,0,3,26,0,0,0,0,0,0,0,0,0,30,26,123,0,GoreDe00
C.J. Ham,MIN,FB,30,17,5,0,0,0,1,7,0,9,7,25,0,0,0,0,0,30,102,120,0,HamxC.00
Julian Hill,MIA,TE,23,15,4,0,0,0,0,0,0,9,6,48,0,1,1,0,0,30,88,96,0,HillJu02
Trishton Jackson,MIN,WR,25,7,0,0,0,0,0,0,0,4,2,9,0,0,0,1,0,30,49,185,0,JackTr02
James Mitchell,DET,TE,24,15,1,0,0,0,0,0,0,2,2,28,0,0,0,0,0,30,48,97,0,MitcJa00
Jalen Nailor,MIN,WR,24,6,1,0,0,0,0,0,0,6,3,29,0,0,0,0,0,30,59,186,0,NailJa00
Teagan Quitoriano,HOU,TE,23,7,5,0,0,0,0,0,0,3,2,33,0,0,0,0,0,30,53,94,0,QuitTe00
Cooper Rush,DAL,QB,30,7,0,144,0,1,12,-5,0,0,0,0,0,0,0,0,0,30,33,69,0,RushCo00
Steven Sims,HOU,WR,26,3,0,0,0,0,1,1,0,3,3,25,0,0,0,0,0,30,56,187,0,SimsSt00
Keith Smith,ATL,FB,31,13,6,0,0,0,0,0,0,3,3,33,0,0,0,0,0,30,63,119,0,SmitKe03
Sean Tucker,TAM,RB,22,11,0,0,0,0,15,23,0,2,2,9,0,0,0,0,0,30,52,121,0,TuckSe00
Malik Willis,TEN,QB,24,3,0,74,0,0,5,21,0,0,0,0,0,1,1,0,0,30,31,70,0,WillMa12
Charlie Woerner,SFO,TE,26,17,2,0,0,0,0,0,0,3,3,32,0,0,0,0,0,30,62,95,0,WoerCh00
Kenny Yeboah,NYJ,TE,25,5,1,0,0,0,0,0,0,4,2,28,0,0,0,0,0,30,48,98,0,YeboKe00
Nate Adkins,DEN,TE,24,10,1,0,0,0,0,0,0,5,4,22,0,0,0,0,0,20,62,100,0,AdkiNa00
Kayshon Boutte,NWE,WR,21,5,0,0,0,0,0,0,0,7,2,19,0,0,0,0,0,20,39,190,0,BoutKa00
Miles Boykin,PIT,WR,27,17,0,0,0,0,0,0,0,4,3,17,0,0,0,0,0,20,47,192,0,BoykMi00
DeeJay Dallas,SEA,RB,25,17,0,0,0,0,10,36,0,9,6,26,0,2,2,0,0,20,82,124,0,DallDe00
Tyrion Davis-Price,SFO,RB,23,1,0,0,0,0,6,21,0,0,0,0,0,0,0,0,0,20,21,126,0,DaviTy03
Elijah Dotson,LAC,RB,24,4,0,0,0,0,4,6,0,2,2,13,0,0,0,0,0,20,39,128,0,DotsEl00
Zach Evans,LAR,RB,22,10,0,0,0,0,9,19,0,0,0,0,0,0,0,0,0,20,19,129,0,EvanZa00
Erik Ezukanma,MIA,WR,23,2,0,0,0,0,5,22,0,1,0,0,0,0,0,0,0,20,22,188,0,EzukEr00
Jake Funk,IND,RB,25,4,0,0,0,0,2,10,0,1,1,12,0,0,0,0,0,20,32,125,0,FunkJa00
Jaren Hall,MIN,QB,25,3,2,168,0,1,6,14,0,0,0,0,0,2,2,0,0,20,21,71,0,HallJa00
Marvin Jones,DET,WR,33,6,4,0,0,0,0,0,0,10,5,35,0,1,1,0,0,20,65,194,0,JoneMa02
Zonovan Knight,DET,RB,22,2,0,0,0,0,3,13,0,1,1,8,0,0,0,0,0,20,31,127,0,KnigZo00
Chris Manhertz,DEN,TE,31,16,4,0,0,0,0,0,0,4,2,16,0,0,0,0,0,20,36,103,0,ManhCh00
Nick Muse,MIN,TE,25,2,0,0,0,0,0,0,0,1,1,22,0,0,0,0,0,20,32,101,0,MuseNi00
Gunner Olszewski,2TM,WR,27,12,0,0,0,0,0,0,0,1,1,0,0,4,2,0,0,20,30,189,0,OlszGu00
Zach Pascal,ARI,WR,29,14,1,0,0,0,0,0,0,15,4,19,0,0,0,0,0,20,59,191,0,PascZa00
Laquon Treadwell,BAL,WR,28,5,1,0,0,0,0,0,0,3,1,16,0,0,0,0,0,20,26,193,0,TreaLa00
Trevon Wesco,TEN,TE,28,15,10,0,0,0,0,0,0,3,1,21,0,0,0,0,0,20,31,102,0,WescTr00
Mike White,MIA,QB,28,6,0,74,1,1,8,-9,0,0,0,0,0,1,1,0,0,20,21,72,0,WhitMi01
Alex Armah,WAS,RB,29,8,0,0,0,0,0,0,0,3,3,13,0,0,0,0,0,10,43,130,0,ArmaAl00
Sean Clifford,GNB,QB,25,2,0,37,0,0,3,-2,0,0,0,0,0,1,0,0,0,10,13,73,0,ClifSe00
Jashaun Corbin,NYG,RB,23,6,0,0,0,0,1,1,0,3,3,12,0,0,0,0,0,10,43,131,0,CorbJa01
Kenyan Drake,2TM,RB,29,3,0,0,0,0,2,0,0,3,2,31,0,1,1,0,0,10,31,135,0,DrakKe00
Ross Dwelley,SFO,TE,28,12,0,0,0,0,0,0,0,2,1,12,0,0,0,0,0,10,22,104,0,DwelRo00
D'Wayne Eskridge,SEA,WR,26,4,0,0,0,0,2,5,0,1,0,0,0,0,0,0,0,10,5,201,0,EskrDW00
Chris Evans,CIN,RB,26,8,0,0,0,0,2,12,0,1,1,-1,0,0,0,0,0,10,21,136,0,EvanCh02
Tucker Fisk,ATL,TE,24,6,2,0,0,0,0,0,0,1,1,9,0,0,0,0,0,10,19,107,0,FiskTu00
John FitzPatrick,ATL,TE,23,9,0,0,0,0,0,0,0,1,1,12,0,0,0,0,0,10,22,105,0,FitzJo00
Cole Fotheringham,LVR,TE,26,2,0,0,0,0,0,0,0,1,1,6,0,0,0,0,0,10,16,108,0,FothCo00
Evan Hull,IND,RB,23,1,0,0,0,0,1,1,0,1,1,6,0,0,0,0,0,10,17,139,0,HullEv00
Collin Johnson,CHI,WR,26,3,0,0,0,0,0,0,0,1,1,11,0,0,0,0,0,10,21,197,0,JohnCo01
Jakob Johnson,LVR,FB,29,13,5,0,0,0,0,0,0,2,1,12,0,0,0,0,0,10,22,134,0,JohnJa12
Mason Kinsey,TEN,WR,25,6,0,0,0,0,0,0,0,1,1,6,0,0,0,0,0,10,16,200,0,KinsMa00
A.J. McCarron,CIN,QB,33,2,0,19,0,0,0,0,0,0,0,0,0,0,0,0,0,10,8,74,0,McCaA.00
Anthony McFarland Jr.,PIT,RB,25,3,0,0,0,0,0,0,0,2,2,11,0,0,0,0,0,10,31,137,0,McFaAn00
Kene Nwangwu,MIN,RB,25,9,0,0,0,0,5,13,0,0,0,0,0,0,0,0,0,10,13,132,0,NwanKe00
Devine Ozigbo,DET,RB,27,3,0,0,0,0,3,5,0,1,1,8,0,0,0,0,0,10,23,133,0,OzigDe01
Kevin Rader,TEN,TE,28,14,0,0,0,0,0,0,0,3,1,6,0,0,0,0,0,10,16,109,0,RadeKe00
Eric Saubert,2TM,TE,29,10,1,0,0,0,0,0,0,3,3,12,0,0,0,0,0,10,42,106,0,SaubEr00
Willie Snead,SFO,WR,31,4,0,0,0,0,0,0,0,3,2,14,0,0,0,0,0,10,34,195,0,SneaWi00
Malik Taylor,NYJ,WR,28,3,0,0,0,0,0,0,0,4,2,13,0,0,0,0,0,10,33,196,0,TaylMa01
Cody Thompson,SEA,WR,27,7,0,0,0,0,0,0,0,1,1,10,0,0,0,0,0,10,20,198,0,ThomCo04
Austin Trammell,LAR,WR,25,16,0,0,0,0,0,0,0,7,4,29,0,3,1,0,0,10,49,199,0,TramAu00
Jonathan Ward,TEN,RB,26,7,0,0,0,0,3,11,0,0,0,0,0,0,0,0,0,10,11,138,0,WardJo00
Devon Allen,PHI,WR,29,2,0,0,0,0,0,0,0,0,0,0,0,0,0,0,0,0,0,205,0,AlleDe02
Stephen Anderson,LAC,TE,30,3,0,0,0,0,0,0,0,0,0,0,0,0,0,0,0,0,0,112,0,AndeSt01
Andre Baccellia,ARI,WR,26,5,0,0,0,0,0,0,0,0,0,0,0,0,0,0,0,0,0,206,0,BaccAn00
Michael Bandy,DEN,WR,26,1,0,0,0,0,0,0,0,0,0,0,0,0,0,0,0,0,0,207,0,BandMi00
Matt Barkley,JAX,QB,33,1,0,0,0,0,3,-3,0,0,0,0,0,0,0,0,0,0,-3,80,0,BarkMa00
Nick Bellore,SEA,FB,34,16,0,0,0,0,0,0,0,0,0,0,0,0,0,0,0,0,0,143,0,BellNi01
Chris Blair,ATL,WR,26,1,0,0,0,0,0,0,0,0,0,0,0,0,0,0,0,0,0,208,0,BlaiCh00
Teddy Bridgewater,DET,QB,31,1,0,0,0,0,2,-2,0,0,0,0,0,0,0,0,0,0,-2,79,0,BridTe00
Matt Bushman,KAN,TE,28,1,0,0,0,0,0,0,0,0,0,0,0,0,0,0,0,0,0,113,0,BushMa00
Terrell Bynum,LAC,WR,25,1,0,0,0,0,0,0,0,0,0,0,0,0,0,0,0,0,0,209,0,BynuTe00
Damiere Byrd,ATL,WR,30,1,0,0,0,0,0,0,0,2,0,0,0,0,0,0,0,0,0,210,0,ByrdDa00
Jason Cabinda,DET,FB,27,4,0,0,0,0,1,0,0,0,0,0,0,0,0,0,0,0,0,144,0,CabiJa00
Marquez Callaway,NOR,WR,25,3,0,0,0,0,0,0,0,0,0,0,0,0,0,0,0,0,0,211,0,CallMa01
Stephen Carlson,CHI,TE,27,1,0,0,0,0,0,0,0,0,0,0,0,0,0,0,0,0,0,114,0,CarlSt00
Irvin Charles,NYJ,WR,26,12,0,0,0,0,0,0,0,1,0,0,0,0,0,0,0,0,0,212,0,CharIr00
Julius Chestnut,TEN,RB,23,3,0,0,0,0,0,0,0,0,0,0,0,0,0,0,0,0,0,145,0,ChesJu00
Dan Chisena,2TM,WR,26,4,0,0,0,0,0,0,0,0,0,0,0,0,0,0,0,0,0,213,0,ChisDa00
Corey Clement,ARI,RB,29,3,0,0,0,0,0,0,0,0,0,0,0,0,0,0,0,0,0,146,0,ClemCo00
Tanner Conner,MIA,TE,25,3,0,0,0,0,0,0,0,0,0,0,0,0,0,0,0,0,0,115,0,ConnTa00
Malik Cunningham,2TM,QB,25,2,0,0,0,0,0,0,0,0,0,0,0,0,0,0,0,0,0,76,0,CunnMa00
Darrell Daniels,DET,TE,29,3,0,0,0,0,0,0,0,0,0,0,0,0,0,0,0,0,0,116,0,DaniDa02
Frank Darby,ATL,WR,26,1,0,0,0,0,0,0,0,0,0,0,0,0,0,0,0,0,0,214,0,DarbFr00
Jaelon Darden,CLE,WR,24,1,0,0,0,0,0,0,0,0,0,0,0,0,0,0,0,0,0,215,0,DardJa00
Malik Davis,DAL,RB,25,3,0,0,0,0,0,0,0,0,0,0,0,0,0,0,0,0,0,147,0,DaviMa02
Phillip Dorsett,DEN,WR,30,2,1,0,0,0,0,0,0,3,0,0,0,0,0,0,0,0,0,216,0,DorsPh00
Colton Dowell,TEN,WR,24,10,1,0,0,0,0,0,0,2,1,3,0,0,0,0,0,0,13,202,0,DoweCo00
Dylan Drummond,DET,WR,23,1,0,0,0,0,0,0,0,0,0,0,0,0,0,0,0,0,0,217,0,DrumDy00
Sam Ehlinger,IND,QB,25,1,0,0,0,0,0,0,0,0,0,0,0,0,0,0,0,0,0,75,0,EhliSa00
Princeton Fant,DAL,TE,24,2,0,0,0,0,0,0,0,0,0,0,0,0,0,0,0,0,0,117,0,FantPr00
Ethan Fernea,IND,WR,25,3,0,0,0,0,0,0,0,0,0,0,0,0,0,0,0,0,0,218,0,FernEt00
Anthony Firkser,DET,TE,28,2,0,0,0,0,0,0,0,0,0,0,0,0,0,0,0,0,0,118,0,FirkAn00
Dez Fitzpatrick,PIT,WR,26,1,0,0,0,0,0,0,0,0,0,0,0,0,0,0,0,0,0,219,0,FitzDe00
Myles Gaskin,2TM,RB,26,3,0,0,0,0,0,0,0,0,0,0,0,0,0,0,0,0,0,148,0,GaskMy00
Zach Gentry,LVR,TE,27,1,0,0,0,0,0,0,0,0,0,0,0,0,0,0,0,0,0,119,0,GentZa00
Reggie Gilliam,BUF,FB,26,17,0,0,0,0,0,0,0,1,1,3,0,0,0,0,0,0,13,141,0,GillRe00
Antoine Green,DET,WR,24,9,0,0,0,0,0,0,0,2,1,2,0,0,0,0,0,0,12,203,0,GreeAn00
Jacob Harris,JAX,WR,26,2,0,0,0,0,0,0,0,0,0,0,0,0,0,0,0,0,0,220,0,HarrJa03
N'Keal Harry,MIN,WR,26,9,0,0,0,0,0,0,0,0,0,0,0,0,0,0,0,0,0,221,0,HarrNK00
Jamycal Hasty,2TM,RB,27,5,0,0,0,0,0,0,0,2,0,0,0,0,0,0,0,0,0,149,0,HastJa02
Parker Hesse,ATL,TE,28,3,0,0,0,0,0,0,0,0,0,0,0,0,0,0,0,0,0,120,0,HessPa00
J.P. Holtz,NOR,TE,30,1,0,0,0,0,0,0,0,0,0,0,0,0,0,0,0,0,0,121,0,HoltJ.01
Travis Homer,CHI,RB,25,16,0,0,0,0,0,0,0,1,0,0,0,0,0,0,0,0,0,150,0,HomeTr00
Jesper Horsted,LVR,TE,26,13,0,0,0,0,0,0,0,1,1,4,0,0,0,0,0,0,14,110,0,HorsJe00
Mohamed Ibrahim,DET,RB,25,1,0,0,0,0,0,0,0,0,0,0,0,0,0,0,0,0,0,151,0,IbraMo00
Godwin Igwebuike,2TM,RB,29,12,0,0,0,0,0,0,0,0,0,0,0,0,0,0,0,0,0,152,0,IgweGo00
Andy Isabella,BUF,WR,27,2,0,0,0,0,0,0,0,0,0,0,0,0,0,0,0,0,0,222,0,IsabAn00
Kearis Jackson,TEN,WR,24,2,0,0,0,0,0,0,0,0,0,0,0,0,0,0,0,0,0,223,0,JackKe02
Lucky Jackson,MIN,WR,32,3,0,0,0,0,0,0,0,0,0,0,0,0,0,0,0,0,0,224,0,JackLu00
Shedrick Jackson,CIN,WR,24,5,0,0,0,0,0,0,0,1,0,0,0,0,0,0,0,0,0,225,0,JackSh01
Tyree Jackson,NYG,TE,26,2,1,0,0,0,0,0,0,0,0,0,0,0,0,0,0,0,0,122,0,JackTy01
Johnny Johnson,HOU,WR,24,1,0,0,0,0,0,0,0,0,0,0,0,0,0,0,0,0,0,226,0,JohnJo12
Hunter Kampmoyer,LAC,TE,25,1,0,0,0,0,0,0,0,0,0,0,0,0,0,0,0,0,0,123,0,KampHu00
Dalton Keene,HOU,TE,24,1,0,0,0,0,0,0,0,0,0,0,0,0,0,0,0,0,0,124,0,KeenDa00
Tyler Kroft,MIA,TE,31,8,0,0,0,0,0,0,0,0,0,0,0,0,0,0,0,0,0,125,0,KrofTy00
Zack Kuntz,NYJ,TE,24,1,0,0,0,0,0,0,0,0,0,0,0,0,0,0,0,0,0,126,0,KuntZa00
Kwamie Lassiter II,CIN,WR,25,1,0,0,0,0,0,0,0,1,1,2,0,0,0,0,0,0,12,204,0,LassKw00
Hunter Long,LAR,TE,25,4,1,0,0,0,0,0,0,0,0,0,0,0,0,0,0,0,0,127,0,LongHu00
Tay Martin,SFO,WR,26,1,0,0,0,0,0,0,0,0,0,0,0,0,0,0,0,0,0,227,0,MartTa00
Ben Mason,BAL,FB,24,1,0,0,0,0,0,0,0,0,0,0,0,0,0,0,0,0,0,153,0,MasoBe00
Jordan Matthews,CAR,TE,31,1,0,0,0,0,0,0,0,0,0,0,0,0,0,0,0,0,0,128,0,MattJo00
Kenny McIntosh,SEA,RB,23,3,0,0,0,0,0,0,0,0,0,0,0,0,0,0,0,0,0,154,0,McInKe00
Sean McKeon,DAL,TE,26,9,0,0,0,0,0,0,0,2,0,0,0,0,0,0,0,0,0,129,0,McKeSe01
Tre' McKitty,LAC,TE,24,6,0,0,0,0,0,0,0,0,0,0,0,0,0,0,0,0,0,130,0,McKiTr00
Jeremy McNichols,SFO,RB,28,3,0,0,0,0,0,0,0,0,0,0,0,0,0,0,0,0,0,155,0,McNiJe00
Kirk Merritt,NOR,WR,26,1,0,0,0,0,0,0,0,0,0,0,0,0,0,0,0,0,0,228,0,MerrKi00
Ryan Miller,TAM,WR,23,1,0,0,0,0,0,0,0,0,0,0,0,0,0,0,0,0,0,229,0,MillRy01
Jordan Mims,NOR,RB,24,2,0,0,0,0,0,0,0,2,0,0,0,0,0,0,0,0,0,156,0,MimsJo00
Stanley Morgan Jr.,CIN,WR,27,3,0,0,0,0,0,0,0,0,0,0,0,0,0,0,0,0,0,230,0,MorgSt02
Albert Okwuegbunam,PHI,TE,25,4,0,0,0,0,0,0,0,1,0,0,0,0,0,0,0,0,0,131,0,OkwuAl00
Qadree Ollison,PIT,RB,27,2,0,0,0,0,0,0,0,0,0,0,0,0,0,0,0,0,0,157,0,OlliQa00
Henry Pearson,GNB,FB,24,2,0,0,0,0,0,0,0,0,0,0,0,0,0,0,0,0,0,158,0,PearHe00
Josh Pederson,JAX,TE,26,3,0,0,0,0,0,0,0,0,0,0,0,0,0,0,0,0,0,132,0,PedeJo00
Nathan Peterman,CHI,QB,29,2,0,0,0,0,2,-4,0,0,0,0,0,1,0,0,0,0,-4,82,0,PeteNa00
Adam Prentice,NOR,FB,26,13,1,0,0,0,2,12,0,3,2,12,0,1,1,0,0,0,24,140,0,PrenAd00
Deneric Prince,KAN,RB,23,2,0,0,0,0,0,0,0,0,0,0,0,0,0,0,0,0,0,159,0,PrinDe00
Giovanni Ricci,CAR,FB,27,5,0,0,0,0,0,0,0,1,1,2,0,0,0,0,0,0,12,142,0,RiccGi00
James Robinson,GNB,RB,25,1,0,0,0,0,1,2,0,1,1,-2,0,0,0,0,0,0,10,160,0,RobiJa00
Aaron Rodgers,NYJ,QB,40,1,1,0,0,0,0,0,0,0,0,0,0,0,0,0,0,0,0,77,0,RodgAa00
Amari Rodgers,IND,WR,24,3,0,0,0,0,0,0,0,2,0,0,0,0,0,0,0,0,0,231,0,RodgAm00
Brady Russell,SEA,TE,25,15,0,0,0,0,0,0,0,0,0,0,0,0,0,0,0,0,0,133,0,RussBr00
David Sills,DEN,WR,27,3,1,0,0,0,0,0,0,0,0,0,0,0,0,0,0,0,0,232,0,SillDa01
Matthew Slater,NWE,WR,38,16,0,0,0,0,0,0,0,0,0,0,0,0,0,0,0,0,0,233,0,SlatMa00
Tre'Quan Smith,DEN,WR,27,1,0,0,0,0,0,0,0,0,0,0,0,0,0,0,0,0,0,234,0,SmitTr03
Matt Sokol,NWE,TE,28,3,1,0,0,0,0,0,0,0,0,0,0,0,0,0,0,0,0,134,0,SokoMa00
SaRodorick Thompson,SEA,RB,24,1,0,0,0,0,0,0,0,0,0,0,0,0,0,0,0,0,0,161,0,ThomSa00
Mitchell Tinsley,WAS,WR,24,2,0,0,0,0,0,0,0,0,0,0,0,0,0,0,0,0,0,235,0,TinsMi00
Noah Togiai,PHI,TE,26,1,0,0,0,0,0,0,0,0,0,0,0,0,0,0,0,0,0,135,0,TogiNo00
Kyle Trask,TAM,QB,25,2,0,0,0,0,1,-1,0,0,0,0,0,0,0,0,0,0,-1,78,0,TrasKy00
DJ Turner,LVR,WR,26,10,0,0,0,0,0,0,0,0,0,0,0,0,0,0,0,0,0,236,0,TurnDJ00
Xazavian Valladay,NYJ,RB,25,1,0,0,0,0,0,0,0,0,0,0,0,0,0,0,0,0,0,162,0,VallXa00
Nick Vannett,LAC,TE,30,8,5,0,0,0,0,0,0,1,1,3,0,0,0,0,0,0,13,111,0,VannNi00
Travis Vokolek,ARI,TE,25,2,0,0,0,0,0,0,0,0,0,0,0,0,0,0,0,0,0,136,0,VokoTr00
Dwayne Washington,DEN,RB,29,13,0,0,0,0,0,0,0,0,0,0,0,0,0,0,0,0,0,163,0,WashDw00
Montrell Washington,KAN,WR,24,6,0,0,0,0,0,0,0,0,0,0,0,2,0,0,0,0,0,237,0,WashMo00
Blake Whiteheart,ARI,TE,23,2,0,0,0,0,0,0,0,0,0,0,0,0,0,0,0,0,0,137,0,WhitBl01
Kristian Wilkerson,LVR,WR,26,2,1,0,0,0,0,0,0,0,0,0,0,0,0,0,0,0,0,238,0,WilkKr00
Brayden Willis,SFO,TE,24,7,0,0,0,0,0,0,0,0,0,0,0,0,0,0,0,0,0,138,0,WillBr06
Jonathan Williams,WAS,RB,29,1,0,0,0,0,1,-2,0,1,0,0,0,0,0,0,0,0,-2,165,0,WillJo07
Rodney Williams,PIT,TE,25,13,0,0,0,0,0,0,0,2,0,0,0,0,0,0,0,0,0,139,0,WillRo08
Juwann Winfree,IND,WR,27,8,1,0,0,0,0,0,0,1,0,0,0,0,0,0,0,0,0,239,0,WinfJu00
Easop Winston,SEA,WR,27,1,0,0,0,0,0,0,0,0,0,0,0,0,0,0,0,0,0,240,0,WinsEa00
Logan Woodside,ATL,QB,28,1,0,27,0,1,1,6,0,0,0,0,0,0,0,0,0,0,-3,81,0,WoodLo00
Owen Wright,BAL,RB,24,1,0,0,0,0,0,0,0,0,0,0,0,0,0,0,0,0,0,164,0,WrigOw00
Dareke Young,SEA,WR,24,6,0,0,0,0,0,0,0,0,0,0,0,0,0,0,0,0,0,241,0,YounDa02
Kyle Allen,BUF,QB,27,7,0,0,0,0,13,-13,0,0,0,0,0,0,0,0,0,-10,-13,83,0,AlleKy00
Deon Jackson,3TM,RB,24,4,1,0,0,0,14,16,0,6,5,14,0,2,2,0,0,-10,40,166,0,JackDe02
David Wells,TAM,TE,28,5,0,0,0,0,0,0,0,2,2,-10,0,1,0,0,0,-10,10,140,0,WellDa00
James Proche,CLE,WR,27,10,1,0,0,0,0,0,0,5,0,0,0,1,1,0,0,-20,-20,242,0,ProcJa00
Trent Taylor,CHI,WR,29,17,0,0,0,0,1,-2,0,2,0,0,0,2,1,0,0,-20,-22,243,0,TaylTr02