name,team,position,age,games_played,games_started,passing_yards,passing_tds,interceptions,rushing_atts,rushing_yards,rushing_tds,targets,receptions,receiving_yards,receiving_tds,fumbles,fumbles_lost,two_point_conversions,two_point_conversions_passing,fantasy_points_standard_10,fantasy_points_ppr_10,player_id,year
Christian McCaffrey,SFO,RB,27,16,16,0,0,0,272,1459,14,83,67,564,7,3,2,0,0,3240,3913,McCaCh01,2023
CeeDee Lamb,DAL,WR,24,17,17,0,0,0,14,113,2,181,135,1749,12,3,2,1,0,2680,4032,LambCe00,2023
Josh Allen,BUF,QB,27,17,17,4306,29,18,111,524,15,0,0,0,0,7,4,0,3,3930,3926,AlleJo02,2023
Tyreek Hill,MIA,WR,29,16,16,0,0,0,6,15,0,171,119,1799,13,1,1,0,0,2570,3764,HillTy00,2023
Jalen Hurts,PHI,QB,25,17,17,3858,23,15,157,605,15,0,0,0,0,9,5,0,0,3570,3568,HurtJa00,2023
Raheem Mostert,MIA,RB,31,15,15,0,0,0,209,1012,18,32,25,175,3,4,1,0,0,2430,2677,MostRa00,2023
Amon-Ra St. Brown,DET,WR,24,16,16,0,0,0,4,24,0,164,119,1515,10,1,1,0,0,2120,3309,StxxAm00,2023
Dak Prescott,DAL,QB,30,17,17,4516,36,9,55,242,2,0,0,0,0,4,2,0,2,3430,3428,PresDa01,2023
Mike Evans,TAM,WR,30,17,17,0,0,0,0,0,0,136,79,1255,13,0,0,0,0,2040,2825,EvanMi00,2023
Lamar Jackson,BAL,QB,26,16,16,3678,24,7,148,821,5,0,0,0,0,11,6,0,1,3310,3312,JackLa00,2023
Sam LaPorta,DET,TE,22,17,14,0,0,0,1,4,0,120,86,889,10,0,0,2,0,1530,2393,LaPoSa01,2023
Travis Etienne,JAX,RB,24,17,17,0,0,0,267,1008,11,73,58,476,1,0,0,2,0,2240,2824,EtieTr00,2023
Kyren Williams,LAR,RB,23,12,11,0,0,0,228,1144,12,48,32,206,3,3,2,1,0,2230,2550,WillKy02,2023
Puka Nacua,LAR,WR,22,17,17,0,0,0,12,89,0,160,105,1486,6,1,0,0,0,1940,2985,NacuPu00,2023
D.J. Moore,CHI,WR,26,17,17,0,0,0,4,21,1,136,96,1364,8,1,1,0,0,1910,2865,MoorD.00,2023
Derrick Henry,TEN,RB,29,17,17,14,2,0,280,1167,12,36,28,214,0,0,0,0,0,2190,2467,HenrDe00,2023
Joe Mixon,CIN,RB,27,17,17,0,0,0,257,1034,9,64,52,376,3,0,0,1,0,2150,2670,MixoJo00,2023
Jordan Love,GNB,QB,25,17,17,4159,32,11,50,247,4,0,0,0,0,9,3,0,2,3190,3191,LoveJo03,2023
Breece Hall,NYJ,RB,22,17,16,0,0,0,223,994,5,95,76,591,4,2,0,1,0,2150,2905,HallBr03,2023
A.J. Brown,PHI,WR,26,17,17,0,0,0,0,0,0,158,106,1456,7,2,2,0,0,1840,2896,BrowAJ00,2023
Deebo Samuel,SFO,WR,27,15,15,0,0,0,37,225,5,89,60,892,7,1,0,0,0,1840,2437,SamuDe00,2023
George Kittle,SFO,TE,30,16,16,0,0,0,1,2,0,90,65,1020,6,0,0,0,0,1380,2032,KittGe00,2023
Nico Collins,HOU,WR,24,15,10,0,0,0,1,7,0,109,80,1297,8,1,0,1,0,1800,2604,CollNi00,2023
Rachaad White,TAM,RB,24,17,17,0,0,0,272,990,6,70,64,549,3,3,2,0,0,2040,2679,WhitRa01,2023
Brandon Aiyuk,SFO,WR,25,16,16,0,0,0,0,0,0,105,75,1342,7,1,1,0,0,1740,2492,AiyuBr00,2023
Travis Kelce,KAN,TE,34,15,15,0,0,0,0,0,0,121,93,984,5,1,1,0,0,1260,2194,KelcTr00,2023
Keenan Allen,LAC,WR,31,13,13,49,1,0,2,6,0,150,108,1243,7,2,1,0,0,1710,2789,AlleKe00,2023
T.J. Hockenson,MIN,TE,26,15,11,0,0,0,0,0,0,127,95,960,5,1,1,0,0,1240,2190,HockTJ00,2023
Stefon Diggs,BUF,WR,30,17,17,0,0,0,1,5,0,160,107,1183,8,2,1,1,0,1670,2738,DiggSt00,2023
David Njoku,CLE,TE,27,16,16,0,0,0,0,0,0,123,81,882,6,2,2,0,0,1200,2012,NjokDa00,2023
Brock Purdy,SFO,QB,24,16,16,4280,31,11,39,144,2,0,0,0,0,6,2,0,0,2960,2956,PurdBr00,2023
David Montgomery,DET,RB,26,14,14,0,0,0,219,1015,13,24,16,117,0,2,1,1,0,1910,2072,MontDa01,2023
Ja'Marr Chase,CIN,WR,23,16,16,-7,0,0,3,-6,0,145,100,1216,7,1,0,0,0,1630,2627,ChasJa00,2023
Davante Adams,LVR,WR,31,17,17,0,0,0,0,0,0,175,103,1144,8,0,0,0,0,1620,2654,AdamDa01,2023
Jahmyr Gibbs,DET,RB,21,15,3,0,0,0,182,945,10,71,52,316,1,2,1,0,0,1900,2421,GibbJa01,2023
Evan Engram,JAX,TE,29,17,15,0,0,0,0,0,0,143,114,963,4,3,2,0,0,1160,2303,EngrEv00,2023
James Cook,BUF,RB,24,17,13,0,0,0,237,1122,2,54,44,445,4,4,2,0,0,1890,2327,CookJa01,2023
Bijan Robinson,ATL,RB,21,17,16,0,0,0,214,976,4,86,58,487,4,4,3,0,0,1880,2463,RobiBi01,2023
D.K. Metcalf,SEA,WR,26,16,16,0,0,0,0,0,0,119,66,1114,8,0,0,0,0,1590,2254,MetcDK00,2023
Jared Goff,DET,QB,29,17,17,4575,30,12,32,21,2,0,0,0,0,6,4,0,2,2890,2891,GoffJa00,2023
Taysom Hill,NOR,TE,33,16,7,83,1,0,81,401,4,40,33,291,2,1,1,0,0,1110,1435,HillTa00,2023
Amari Cooper,CLE,WR,29,15,15,0,0,0,0,0,0,128,72,1250,5,2,1,1,0,1550,2270,CoopAm00,2023
Saquon Barkley,NYG,RB,26,14,14,0,0,0,247,962,6,60,41,280,4,2,2,1,0,1820,2232,BarkSa00,2023
Calvin Ridley,JAX,WR,29,17,17,0,0,0,9,23,0,136,76,1016,8,1,0,1,0,1540,2299,RidlCa00,2023
Jayden Reed,GNB,WR,23,16,13,0,0,0,11,119,2,94,64,793,8,2,0,1,0,1530,2172,ReedJa03,2023
Cole Kmet,CHI,TE,24,17,17,0,0,0,3,2,0,90,73,719,6,1,0,0,0,1080,1811,KmetCo00,2023
Jordan Addison,MIN,WR,21,17,14,0,0,0,1,2,0,108,70,911,10,0,0,0,0,1510,2213,AddiJo00,2023
Jake Ferguson,DAL,TE,24,17,16,0,0,0,0,0,0,102,71,761,5,0,0,0,0,1060,1771,FergJa00,2023
DeAndre Hopkins,TEN,WR,31,17,16,0,0,0,2,9,0,137,75,1057,7,0,0,0,0,1490,2236,HopkDe00,2023
Patrick Mahomes,KAN,QB,28,16,16,4183,27,14,75,389,0,0,0,0,0,5,3,0,0,2800,2802,MahoPa00,2023
Jakobi Meyers,LVR,WR,27,16,16,12,1,0,4,24,2,106,71,807,8,0,0,0,0,1480,2186,MeyeJa01,2023
James Conner,ARI,RB,28,13,13,0,0,0,208,1040,7,33,27,165,2,0,0,0,0,1750,2015,ConnJa00,2023
Gus Edwards,BAL,RB,28,17,9,0,0,0,198,810,13,13,12,180,0,3,2,1,0,1750,1870,EdwaGu00,2023
DeVonta Smith,PHI,WR,25,16,16,0,0,0,0,0,0,112,81,1066,7,1,1,0,0,1470,2276,SmitDe07,2023
George Pickens,PIT,WR,22,17,16,0,0,0,3,18,0,106,63,1140,5,3,0,0,0,1460,2088,PickGe00,2023
Trey McBride,ARI,TE,24,17,12,0,0,0,0,0,0,106,81,825,3,1,0,0,0,1010,1815,McBrTr01,2023
Chris Olave,NOR,WR,23,16,11,0,0,0,0,0,0,138,87,1123,5,0,0,1,0,1440,2313,OlavCh00,2023
C.J. Stroud,HOU,QB,22,15,15,4108,23,5,39,167,3,1,1,0,0,8,4,1,0,2750,2760,StroCJ00,2023
Kenneth Walker III,SEA,RB,23,15,15,0,0,0,219,905,8,37,29,259,1,1,0,0,0,1700,1994,WalkKe00,2023
Baker Mayfield,TAM,QB,28,17,17,4044,28,10,62,163,1,0,0,0,0,8,3,0,2,2740,2741,MayfBa00,2023
Isiah Pacheco,KAN,RB,24,14,13,0,0,0,205,935,7,49,44,244,2,1,1,0,0,1700,2139,PachIs00,2023
Michael Pittman Jr.,IND,WR,26,16,15,0,0,0,0,0,0,156,109,1152,4,2,1,2,0,1410,2502,PittMi01,2023
Tony Pollard,DAL,RB,26,17,17,0,0,0,252,1005,6,67,55,311,0,3,1,1,0,1680,2226,PollTo00,2023
Jerome Ford,CLE,RB,24,17,12,0,0,0,204,813,4,63,44,319,5,1,1,1,0,1670,2112,FordJe00,2023
Najee Harris,PIT,RB,25,17,17,0,0,0,255,1035,8,38,29,170,0,2,1,0,0,1670,1955,HarrNa00,2023
Tua Tagovailoa,MIA,QB,25,17,17,4624,29,14,35,74,0,0,0,0,0,13,5,0,0,2700,2704,TagoTu00,2023
Dalton Schultz,HOU,TE,27,15,8,0,0,0,0,0,0,88,59,635,5,1,1,0,0,920,1505,SchuDa00,2023
Mark Andrews,BAL,TE,28,10,9,0,0,0,1,0,0,61,45,544,6,1,0,0,0,900,1354,AndrMa00,2023
De'Von Achane,MIA,RB,22,11,4,0,0,0,103,800,8,37,27,197,3,1,1,0,0,1640,1907,AchaDe00,2023
Justin Jefferson,MIN,WR,24,10,9,0,0,0,1,-12,0,100,68,1074,5,1,1,0,0,1340,2022,JeffJu00,2023
Brian Robinson Jr.,WAS,RB,24,15,15,0,0,0,178,733,5,43,36,368,4,4,2,1,0,1620,1981,RobiBr01,2023
Rashee Rice,KAN,WR,23,16,8,0,0,0,1,-3,0,102,79,938,7,2,1,0,0,1340,2125,RiceRa01,2023
D'Andre Swift,PHI,RB,24,16,15,0,0,0,229,1049,5,49,39,214,1,3,1,0,0,1600,1993,SwifDA00,2023
Courtland Sutton,DEN,WR,28,16,14,0,0,0,0,0,0,90,59,772,10,3,3,0,0,1310,1902,SuttCo00,2023
Terry McLaurin,WAS,WR,28,17,17,0,0,0,0,0,0,132,79,1002,4,0,0,0,0,1300,2092,McLaTe00,2023
Trevor Lawrence,JAX,QB,24,16,16,4016,21,14,70,339,4,0,0,0,0,12,7,0,1,2630,2625,LawrTr00,2023
Sam Howell,WAS,QB,23,17,17,3946,21,21,48,263,5,1,1,4,0,4,2,1,1,2570,2575,HoweSa00,2023
Russell Wilson,DEN,QB,35,15,15,3070,26,8,80,341,3,0,0,0,0,10,5,0,2,2570,2569,WilsRu00,2023
Matthew Stafford,LAR,QB,35,15,15,3965,24,11,21,65,0,0,0,0,0,0,0,1,1,2430,2431,StafMa00,2023
Derek Carr,NOR,QB,32,17,17,3878,25,8,32,40,0,0,0,0,0,7,3,0,2,2410,2411,CarrDe02,2023
Justin Herbert,LAC,QB,25,13,13,3134,20,7,52,228,3,1,1,10,0,4,1,0,1,2330,2342,HerbJu00,2023
Justin Fields,CHI,QB,24,13,13,2562,16,9,124,657,4,0,0,0,0,10,4,0,0,2300,2302,FielJu00,2023
Geno Smith,SEA,QB,33,15,15,3624,20,9,37,155,1,1,1,-2,0,5,3,0,2,2260,2273,SmitGe00,2023
Joshua Dobbs,2TM,QB,28,13,12,2464,13,10,77,421,6,0,0,0,0,14,7,2,1,2010,2007,DobbJo00,2023
Gardner Minshew II,IND,QB,27,17,13,3305,15,9,34,100,3,0,0,0,0,8,5,0,2,1960,1962,MinsGa00,2023
Desmond Ridder,ATL,QB,24,15,13,2836,12,12,53,193,5,1,1,-6,0,12,7,0,2,1760,1771,RiddDe00,2023
Alvin Kamara,NOR,RB,28,13,12,0,0,0,180,694,5,86,75,466,1,0,0,3,0,1580,2330,KamaAl00,2023
Bryce Young,CAR,QB,22,16,16,2877,11,10,39,253,0,0,0,0,0,11,6,1,1,1560,1564,YounBr01,2023
Kirk Cousins,MIN,QB,35,8,8,2331,18,5,14,25,0,0,0,0,0,7,4,0,0,1500,1497,CousKi00,2023
Joe Burrow,CIN,QB,27,10,10,2309,15,6,31,88,0,0,0,0,0,2,1,0,0,1470,1472,BurrJo01,2023
Kyler Murray,ARI,QB,26,8,8,1799,10,5,44,244,3,0,0,0,0,7,0,0,1,1460,1464,MurrKy00,2023
Chuba Hubbard,CAR,RB,24,17,12,0,0,0,238,902,5,44,39,233,0,1,0,0,0,1440,1825,HubbCh01,2023
Josh Jacobs,LVR,RB,25,13,13,0,0,0,233,805,6,54,37,296,0,3,1,0,0,1440,1811,JacoJo01,2023
Jake Browning,CIN,QB,27,9,7,1936,12,7,27,127,3,1,1,-7,0,3,0,0,1,1430,1444,BrowJa08,2023
Zack Moss,IND,RB,26,14,8,0,0,0,183,794,5,37,27,192,2,0,0,1,0,1430,1696,MossZa00,2023
Devin Singletary,HOU,RB,26,17,10,6,1,0,216,898,4,38,30,193,0,1,0,0,0,1370,1673,SingDe00,2023
Jonathan Taylor,IND,RB,24,10,7,0,0,0,169,741,7,23,19,153,1,1,0,0,0,1370,1564,TaylJo02,2023
Jaylen Warren,PIT,RB,25,17,0,0,0,0,149,784,4,74,61,370,0,4,2,0,0,1350,1964,WarrJa01,2023
Austin Ekeler,LAC,RB,28,14,14,0,0,0,179,628,5,74,51,436,1,5,4,0,0,1340,1854,EkelAu00,2023
Javonte Williams,DEN,RB,23,16,13,0,0,0,217,774,3,58,47,228,2,1,1,2,0,1320,1792,WillJa10,2023
Zay Flowers,BAL,WR,23,16,16,0,0,0,8,56,1,108,77,858,5,0,0,1,0,1290,2064,FlowZa00,2023
Adam Thielen,CAR,WR,33,17,17,0,0,0,1,6,0,137,103,1014,4,2,0,1,0,1280,2310,ThieAd00,2023
Jaylen Waddle,MIA,WR,25,14,14,0,0,0,3,12,0,104,72,1014,4,0,0,0,0,1270,1986,WaddJa00,2023
Chris Godwin,TAM,WR,27,17,17,0,0,0,4,38,1,130,83,1024,2,0,0,1,0,1260,2092,GodwCh00,2023
Aidan O'Connell,LVR,QB,25,11,10,2218,12,7,17,11,1,0,0,0,0,4,2,0,0,1260,1258,OConAi00,2023
Ezekiel Elliott,NWE,RB,28,17,5,0,0,0,184,642,3,65,51,313,2,2,1,0,0,1240,1745,ElliEz00,2023
Tyler Lockett,SEA,WR,31,17,17,0,0,0,0,0,0,122,79,894,5,0,0,2,0,1230,2024,LockTy00,2023
Tyler Allgeier,ATL,RB,23,17,3,0,0,0,186,683,4,23,18,193,1,0,0,1,0,1200,1376,AllgTy00,2023
Zach Wilson,NYJ,QB,24,12,11,2271,8,7,36,211,0,0,0,0,0,11,7,1,1,1200,1199,WilsZa00,2023
Brandin Cooks,DAL,WR,30,16,15,0,0,0,5,35,0,81,54,657,8,1,0,1,0,1190,1732,CookBr00,2023
Tank Dell,HOU,WR,24,11,8,0,0,0,11,51,0,75,47,709,7,1,0,0,0,1180,1650,DellNa00,2023
Garrett Wilson,NYJ,WR,23,17,17,0,0,0,4,0,0,168,95,1042,3,2,2,0,0,1180,2132,WilsGa00,2023
Gabriel Davis,BUF,WR,24,17,17,0,0,0,1,-2,0,81,45,746,7,1,1,1,0,1160,1614,DaviGa01,2023
Romeo Doubs,GNB,WR,23,17,16,0,0,0,0,0,0,96,59,674,8,1,0,0,0,1150,1744,DoubRo00,2023
Kenny Pickett,PIT,QB,25,12,12,2070,6,4,42,54,1,0,0,0,0,2,0,0,0,1100,1102,PickKe00,2023
Rashid Shaheed,NOR,WR,25,15,8,0,0,0,7,37,0,75,46,719,5,1,1,0,0,1100,1556,ShahRa00,2023
Rhamondre Stevenson,NWE,RB,25,12,12,0,0,0,156,619,4,51,38,238,0,1,1,0,0,1080,1457,StevRh00,2023
Mac Jones,NWE,QB,25,11,11,2120,10,12,26,96,0,0,0,0,0,3,2,0,0,1060,1064,JoneMa05,2023
Aaron Jones,GNB,RB,29,11,11,0,0,0,142,656,2,43,30,233,1,2,1,0,0,1050,1349,JoneAa00,2023
Cooper Kupp,LAR,WR,30,12,12,0,0,0,1,-3,0,95,59,737,5,0,0,1,0,1050,1644,KuppCo00,2023
Drake London,ATL,WR,22,16,16,22,0,0,0,0,0,110,69,905,2,0,0,1,0,1050,1744,LondDr00,2023
Kareem Hunt,CLE,RB,28,15,2,0,0,0,135,411,9,21,15,84,0,0,0,0,0,1040,1185,HuntKa00,2023
Alexander Mattison,MIN,RB,25,16,13,0,0,0,180,700,0,44,30,192,3,3,2,0,0,1030,1332,MattAl01,2023
Diontae Johnson,PIT,WR,27,13,11,0,0,0,0,0,0,87,51,717,5,1,0,0,0,1020,1527,JohnDi01,2023
Will Levis,TEN,QB,24,9,9,1808,8,4,25,57,1,0,0,0,0,7,4,0,1,1020,1020,LeviWi00,2023
Tyjae Spears,TEN,RB,22,17,1,0,0,0,100,453,2,70,52,385,1,1,0,0,0,1020,1538,SpeaTy00,2023
Joe Flacco,CLE,QB,38,5,5,1616,13,8,9,2,0,0,0,0,0,4,1,0,1,1010,1008,FlacJo00,2023
Darius Slayton,NYG,WR,26,17,13,0,0,0,0,0,0,79,50,770,4,0,0,0,0,1010,1510,SlayDa01,2023
AJ Dillon,GNB,RB,25,15,6,0,0,0,178,613,2,28,22,223,0,0,0,0,0,960,1176,DillAJ00,2023
Tee Higgins,CIN,WR,24,12,11,0,0,0,0,0,0,76,42,656,5,0,0,0,0,960,1376,HiggTe00,2023
Curtis Samuel,WAS,WR,27,16,13,0,0,0,7,39,1,91,62,613,4,0,0,0,0,950,1572,SamuCu00,2023
Tommy DeVito,NYG,QB,25,9,6,1101,8,3,36,195,1,0,0,0,0,2,1,0,0,940,935,DeViTo00,2023
Khalil Herbert,CHI,RB,25,12,9,0,0,0,132,611,2,31,20,134,1,1,1,1,0,930,1125,HerbKh00,2023
Christian Kirk,JAX,WR,27,12,12,-1,0,0,1,6,0,85,57,787,3,2,2,0,0,930,1503,KirkCh01,2023
Josh Downs,IND,WR,22,17,9,0,0,0,0,0,0,98,68,771,2,0,0,0,0,890,1571,DownJo00,2023
Josh Reynolds,DET,WR,28,17,13,0,0,0,0,0,0,64,40,608,5,1,1,0,0,890,1288,ReynJo00,2023
Jerry Jeudy,DEN,WR,24,16,11,0,0,0,0,0,0,87,54,758,2,1,0,0,0,880,1418,JeudJe00,2023
Jaxon Smith-Njigba,SEA,WR,21,17,3,0,0,0,0,0,0,93,63,628,4,0,0,0,0,870,1498,SmitJa06,2023
Tyrod Taylor,NYG,QB,34,11,5,1341,5,3,38,197,0,0,0,0,0,4,0,0,0,870,873,TaylTy00,2023
Deshaun Watson,CLE,QB,28,6,6,1115,7,4,26,142,1,0,0,0,0,5,2,3,0,870,868,WatsDe00,2023
Marquise Brown,ARI,WR,26,14,14,0,0,0,2,23,0,101,51,574,4,0,0,0,0,840,1347,BrowMa04,2023
Kyle Pitts,ATL,TE,23,17,15,0,0,0,1,-4,0,90,53,667,3,0,0,0,0,840,1373,PittKy00,2023
DJ Chark,CAR,WR,27,15,11,0,0,0,0,0,0,66,35,525,5,2,1,0,0,810,1155,CharDJ00,2023
Justice Hill,BAL,RB,26,16,5,0,0,0,84,387,3,39,28,206,1,1,1,0,0,810,1093,HillJu00,2023
Dontayvion Wicks,GNB,WR,22,15,6,14,0,0,1,1,0,58,39,581,4,3,1,0,0,810,1198,WickDo00,2023
Ty Chandler,MIN,RB,25,17,4,0,0,0,102,461,3,25,21,159,0,0,0,0,0,800,1010,ChanTy01,2023
D'Onta Foreman,CHI,RB,27,9,8,0,0,0,109,425,4,16,11,77,1,1,0,0,0,800,912,ForeDO00,2023
Ryan Tannehill,TEN,QB,35,10,8,1616,4,7,17,74,1,1,0,0,0,4,0,0,0,800,800,TannRy00,2023
Antonio Gibson,WAS,RB,25,16,2,0,0,0,65,265,1,59,48,389,2,4,2,0,0,790,1274,GibsAn00,2023
Tyler Boyd,CIN,WR,29,17,13,0,0,1,2,11,0,98,67,667,2,0,0,0,0,780,1448,BoydTy00,2023
Hunter Henry,NWE,TE,29,14,10,0,0,0,0,0,0,61,42,419,6,1,0,0,0,780,1199,HenrHu00,2023
Dallas Goedert,PHI,TE,28,14,14,0,0,0,1,1,0,83,59,592,3,0,0,0,0,770,1363,GoedDa00,2023
Dalton Kincaid,BUF,TE,24,16,11,0,0,0,0,0,0,91,73,673,2,1,1,0,0,770,1503,KincDa00,2023
Michael Wilson,ARI,WR,23,13,12,0,0,0,0,0,0,58,38,565,3,0,0,1,0,770,1145,WilsMi02,2023
Jahan Dotson,WAS,WR,23,17,16,0,0,0,0,0,0,83,49,518,4,0,0,0,0,760,1248,DotsJa00,2023
Rico Dowdle,DAL,RB,25,16,0,0,0,0,89,361,2,22,17,144,2,0,0,0,0,750,915,DowdRi01,2023
Jaleel McLaughlin,DEN,RB,23,17,3,0,0,0,76,410,1,36,31,160,2,0,0,0,0,750,1060,McLaJa00,2023
Khalil Shakir,BUF,WR,23,17,10,0,0,0,1,10,0,45,39,611,2,1,0,0,0,740,1131,ShakKh00,2023
Jonnu Smith,ATL,TE,28,17,6,0,0,0,1,0,0,70,50,582,3,1,1,0,0,740,1242,SmitJo01,2023
Tutu Atwell,LAR,WR,24,16,14,0,0,0,5,31,0,67,39,483,3,0,0,1,1,730,1124,AtweTu00,2023
Odell Beckham Jr.,BAL,WR,31,14,6,0,0,0,0,0,0,64,35,565,3,1,1,0,0,730,1075,BeckOd00,2023
Zach Charbonnet,SEA,RB,22,16,2,0,0,0,108,462,1,40,33,209,0,0,0,0,0,730,1061,CharZa00,2023
Elijah Moore,CLE,WR,23,17,12,0,0,0,9,11,0,104,59,640,2,2,2,0,0,730,1321,MoorEl00,2023
Anthony Richardson,IND,QB,21,4,4,577,3,1,25,136,4,0,0,0,0,3,1,0,2,730,727,RichAn03,2023
Wan'Dale Robinson,NYG,WR,22,15,8,0,0,0,9,87,1,78,60,525,1,0,0,0,0,730,1332,RobiWa01,2023
Christian Watson,GNB,WR,24,9,9,0,0,0,4,11,0,53,28,422,5,0,0,0,0,730,1013,WatsCh00,2023
K.J. Osborn,MIN,WR,26,16,12,0,0,0,0,0,0,75,48,540,3,1,0,0,0,720,1200,OsboKJ00,2023
Logan Thomas,WAS,TE,32,16,15,0,0,0,1,2,0,78,55,496,4,2,2,1,0,720,1268,ThomLo00,2023
Isaiah Likely,BAL,TE,23,17,8,0,0,0,0,0,0,40,30,411,5,0,0,0,0,710,1011,LikeIs00,2023
Samaje Perine,DEN,RB,28,17,1,0,0,0,53,238,1,56,50,455,0,3,2,0,0,710,1213,PeriSa00,2023
Cade Otton,TAM,TE,24,17,17,0,0,0,0,0,0,67,47,455,4,1,1,1,0,700,1165,OttoCa00,2023
Dameon Pierce,HOU,RB,23,14,7,0,0,0,145,416,2,17,13,101,0,0,0,0,0,700,827,PierDa01,2023
Noah Brown,HOU,WR,27,10,7,0,0,0,1,-1,0,55,33,567,2,0,0,0,0,690,1016,BrowNo00,2023
Josh Palmer,LAC,WR,24,10,6,0,0,0,1,6,0,61,38,581,2,1,1,0,0,690,1067,PalmJo00,2023
Bailey Zappe,NWE,QB,24,10,6,1272,6,9,17,83,1,0,0,0,0,2,1,0,0,690,692,ZappBa00,2023
Roschon Johnson,CHI,RB,22,15,0,0,0,0,81,352,2,40,34,209,0,1,0,0,0,680,1021,JohnRo07,2023
Easton Stick,LAC,QB,28,5,4,1129,3,1,27,144,1,0,0,0,0,5,4,0,0,680,676,SticEa00,2023
Kenneth Gainwell,PHI,RB,24,16,2,17,0,0,84,364,2,37,30,183,0,3,1,1,0,670,974,GainKe00,2023
Nick Mullens,MIN,QB,28,5,3,1306,7,8,10,25,0,0,0,0,0,2,0,0,0,670,667,MullNi00,2023
Taylor Heinicke,ATL,QB,30,5,4,890,5,4,15,124,1,0,0,0,0,1,0,0,0,660,660,HeinTa00,2023
Latavius Murray,BUF,RB,33,16,4,0,0,0,79,300,4,22,17,119,0,1,0,0,0,660,829,MurrLa00,2023
Rondale Moore,ARI,WR,23,17,8,0,0,0,28,178,1,62,40,352,1,1,0,0,0,650,1050,MoorRo02,2023
Jimmy Garoppolo,LVR,QB,32,7,6,1205,7,9,20,39,0,0,0,0,0,1,0,0,1,640,641,GaroJi00,2023
Kendrick Bourne,NWE,WR,28,8,5,0,0,0,1,4,0,55,37,406,4,1,1,0,0,630,1000,BourKe00,2023
Alec Pierce,IND,WR,23,17,16,0,0,0,0,0,0,65,32,514,2,0,0,0,0,630,954,PierAl00,2023
Nelson Agholor,BAL,WR,30,17,3,0,0,0,0,0,0,45,35,381,4,1,0,0,0,620,971,AghoNe00,2023
Tyler Conklin,NYJ,TE,28,17,12,0,0,0,1,0,0,87,61,621,0,0,0,0,0,620,1231,ConkTy00,2023
Tyler Higbee,LAR,TE,30,15,15,0,0,0,0,0,0,70,47,495,2,0,0,0,0,620,1085,HigbTy00,2023
Kalif Raymond,DET,WR,29,17,3,0,0,0,7,75,0,44,35,489,1,1,0,0,0,620,974,RaymKa00,2023
Justin Watson,KAN,WR,28,16,8,0,0,0,0,0,0,53,27,460,3,1,1,0,0,620,890,WatsJu01,2023
Juwan Johnson,NOR,TE,27,13,11,0,0,0,0,0,0,59,37,368,4,0,0,0,0,610,978,JohnJu02,2023
Keaton Mitchell,BAL,RB,21,8,2,0,0,0,47,396,2,11,9,93,0,0,0,0,0,610,699,MitcKe01,2023
Demarcus Robinson,LAR,WR,29,16,4,0,0,0,1,23,0,39,26,371,4,2,1,0,0,610,874,RobiDe01,2023
Miles Sanders,CAR,RB,26,16,5,0,0,0,129,432,1,41,27,154,0,2,2,0,0,610,876,SandMi01,2023
Darren Waller,NYG,TE,31,12,11,0,0,0,0,0,0,74,52,552,1,0,0,0,0,610,1132,WallDa01,2023
Gerald Everett,LAC,TE,29,15,12,0,0,0,3,10,0,70,51,411,3,3,0,0,0,600,1111,EverGe00,2023
Jerick McKinnon,KAN,RB,31,12,0,4,1,0,21,60,1,32,25,192,4,0,0,0,0,590,844,McKiJe00,2023
Chigoziem Okonkwo,TEN,TE,24,17,11,0,0,0,2,6,0,77,54,528,1,0,0,0,0,590,1134,OkonCh00,2023
Zamir White,LVR,RB,24,17,4,0,0,0,104,451,1,19,15,98,0,1,1,0,0,590,739,WhitZa01,2023
Demario Douglas,NWE,WR,23,14,7,0,0,0,8,41,0,79,49,561,0,3,1,0,0,580,1072,DougDe00,2023
Daniel Jones,NYG,QB,26,6,6,909,2,6,40,206,1,0,0,0,0,4,1,0,0,570,570,JoneDa05,2023
Trey Palmer,TAM,WR,22,17,8,0,0,0,3,22,0,68,39,385,3,3,1,0,0,570,957,PalmTr00,2023
Nick Westbrook-Ikhine,TEN,WR,26,14,9,0,0,0,0,0,0,45,28,370,3,0,0,1,0,570,850,WestNi00,2023
Quentin Johnston,LAC,WR,22,17,10,0,0,0,3,9,0,67,38,431,2,0,0,0,0,560,940,JohnQu02,2023
Jameson Williams,DET,WR,22,12,10,0,0,0,3,29,1,42,24,354,2,1,0,0,0,560,803,WillJa11,2023
Michael Gallup,DAL,WR,27,17,13,0,0,0,0,0,0,57,34,418,2,0,0,0,0,540,878,GallMi00,2023
Brandon Johnson,DEN,WR,25,13,2,0,0,0,0,0,0,30,19,284,4,0,0,1,0,540,734,JohnBr23,2023
Joshua Kelley,LAC,RB,26,17,3,0,0,0,107,405,2,12,8,32,0,1,1,0,0,540,617,KellJo01,2023
Tyson Bagent,CHI,QB,23,5,4,859,3,6,23,109,2,0,0,0,0,3,2,0,0,530,533,BageTy00,2023
Clyde Edwards-Helaire,KAN,RB,24,15,3,0,0,0,70,223,1,22,17,188,1,0,0,0,0,530,701,EdwaCl00,2023
Donald Parham,LAC,TE,26,14,8,0,0,0,0,0,0,41,27,285,4,0,0,0,0,530,795,ParhDo00,2023
Tre Tucker,LVR,WR,22,16,1,0,0,0,10,77,0,34,19,331,2,0,0,0,0,530,718,TuckTr00,2023
Emari Demercado,ARI,RB,24,14,2,0,0,0,58,284,2,30,21,119,0,0,0,0,0,520,733,DemeEm00,2023
Michael Thomas,NOR,WR,30,10,7,0,0,0,0,0,0,64,39,448,1,0,0,0,0,510,898,ThomMi05,2023
Marvin Mims,DEN,WR,21,16,7,0,0,0,9,30,0,33,22,377,1,2,2,0,0,490,707,MimsMa00,2023
A.T. Perry,NOR,WR,24,10,3,0,0,0,0,0,0,18,12,246,4,0,0,0,0,490,606,PerrAT00,2023
Mitchell Trubisky,PIT,QB,29,5,2,632,4,5,16,54,2,0,0,0,0,1,1,0,1,490,487,TrubMi00,2023
Robert Woods,HOU,WR,31,14,11,0,0,0,1,7,0,75,40,426,1,0,0,0,0,490,893,WoodRo02,2023
Tucker Kraft,GNB,TE,23,17,8,0,0,0,0,0,0,40,31,355,2,0,0,0,0,480,785,KrafTu00,2023
Darnell Mooney,CHI,WR,26,15,14,0,0,0,2,5,0,61,31,414,1,0,0,0,0,480,789,MoonDa00,2023
KaVontae Turpin,DAL,WR,27,16,0,0,0,0,11,110,1,18,12,127,3,1,0,0,0,480,597,TurpKa00,2023
Cedrick Wilson Jr.,MIA,WR,28,15,3,0,0,0,0,0,0,38,22,296,3,0,0,0,0,480,696,WilsCe01,2023
Chris Moore,TEN,WR,30,17,5,0,0,0,2,39,0,35,22,424,0,1,0,0,0,460,683,MoorCh00,2023
Rashod Bateman,BAL,WR,24,16,12,0,0,0,1,18,0,56,32,367,1,0,0,0,0,450,765,BateRa00,2023
Royce Freeman,LAR,RB,27,14,0,0,0,0,77,319,2,2,1,13,0,0,0,0,0,450,462,FreeRo00,2023
Pat Freiermuth,PIT,TE,25,12,9,0,0,0,0,0,0,47,32,308,2,0,0,1,0,450,768,FreiPa00,2023
Zay Jones,JAX,WR,28,9,7,0,0,0,0,0,0,64,34,321,2,0,0,0,0,440,781,JoneZa00,2023
Michael Mayer,LVR,TE,22,14,12,0,0,0,0,0,0,40,27,304,2,0,0,1,0,440,714,MayeMi00,2023
Kylen Granson,IND,TE,25,15,7,0,0,0,1,2,0,50,30,368,1,0,0,0,0,430,730,GranKy00,2023
Noah Gray,KAN,TE,24,17,10,0,0,0,1,1,0,41,28,305,2,0,0,0,0,430,706,GrayNo00,2023
Jamaal Williams,NOR,RB,28,13,4,0,0,0,106,306,1,20,18,62,0,1,0,0,0,430,608,WillJa06,2023
Jordan Mason,SFO,RB,24,17,0,0,0,0,40,206,3,4,3,31,0,0,0,0,0,420,447,MasoJo00,2023
Jonathan Mingo,CAR,WR,22,15,14,0,0,0,0,0,0,85,43,418,0,1,0,0,0,420,848,MingJo00,2023
Elijah Mitchell,SFO,RB,25,11,1,0,0,0,75,281,2,8,6,14,0,0,0,0,0,420,475,MitcEl00,2023
Greg Dortch,ARI,WR,25,16,4,0,0,0,1,5,0,41,24,280,2,0,0,0,0,410,645,DortGr01,2023
Noah Fant,SEA,TE,26,17,17,0,0,0,0,0,0,43,32,414,0,0,0,0,0,410,734,FantNo00,2023
Tanner Hudson,CIN,TE,29,12,1,0,0,0,0,0,0,50,39,352,1,0,0,0,0,410,802,HudsTa00,2023
Luke Musgrave,GNB,TE,23,11,9,0,0,0,0,0,0,46,34,352,1,0,0,0,0,410,752,MusgLu00,2023
Chase Brown,CIN,RB,23,12,0,0,0,0,44,179,0,15,14,156,1,1,0,0,0,400,535,BrowCh10,2023
Mason Rudolph,PIT,QB,28,4,3,719,3,0,10,8,0,0,0,0,0,3,1,0,0,400,396,RudoMa00,2023
Isaiah Hodgins,NYG,WR,25,17,9,0,0,0,0,0,0,33,21,230,3,1,1,0,0,390,600,HodgIs00,2023
DeVante Parker,NWE,WR,30,13,13,0,0,0,0,0,0,55,33,394,0,0,0,0,0,390,724,ParkDe01,2023
Jake Bobo,SEA,WR,25,17,0,0,0,0,1,3,1,25,19,196,2,0,0,0,0,380,569,BoboJa00,2023
Xavier Gipson,NYJ,WR,22,17,3,0,0,0,8,68,1,38,21,229,0,5,2,0,0,380,587,GipsXa00,2023
Trenton Irwin,CIN,WR,28,16,5,0,0,0,0,0,0,32,25,316,1,2,0,0,0,380,626,IrwiTr00,2023
Brandon Powell,MIN,WR,28,17,2,0,0,0,5,17,0,44,29,324,1,1,1,0,0,380,671,PoweBr00,2023
Pierre Strong,CLE,RB,25,17,1,0,0,0,63,291,1,8,5,47,0,1,1,0,0,380,428,StroPi00,2023
Adam Trautman,DEN,TE,26,17,12,0,0,0,0,0,0,35,22,204,3,0,0,0,0,380,604,TrauAd00,2023
Jalin Hyatt,NYG,WR,22,17,7,0,0,0,0,0,0,40,23,373,0,1,0,0,0,370,603,HyatJa00,2023
Allen Lazard,NYJ,WR,28,14,12,0,0,0,0,0,0,49,23,311,1,0,0,0,0,370,601,LazaAl00,2023
Colby Parkinson,SEA,TE,24,17,1,0,0,0,0,0,0,34,25,247,2,0,0,0,0,370,617,ParkCo02,2023
Durham Smythe,MIA,TE,28,16,14,0,0,0,0,0,0,43,35,366,0,0,0,0,0,370,716,SmytDu00,2023
Jalen Tolbert,DAL,WR,24,17,6,0,0,0,0,0,0,36,22,268,2,1,1,0,0,370,588,TolbJa00,2023
Tommy Tremble,CAR,TE,23,16,8,0,0,0,0,0,0,32,23,194,3,0,0,0,0,370,604,TremTo00,2023
Cam Akers,2TM,RB,24,7,1,0,0,0,60,167,2,12,11,70,0,0,0,0,0,360,467,AkerCa00,2023
Mo Alie-Cox,IND,TE,30,17,7,0,0,0,0,0,0,22,13,161,3,0,0,1,0,360,491,AlieMo00,2023
Calvin Austin,PIT,WR,24,17,1,0,0,0,11,57,1,30,17,180,1,2,0,0,0,360,527,AustCa00,2023
Mike Gesicki,NWE,TE,28,17,10,0,0,0,0,0,0,45,29,244,2,0,0,0,0,360,654,GesiMi00,2023
Andrei Iosivas,CIN,WR,24,16,1,0,0,0,0,0,0,25,15,116,4,0,0,0,0,360,506,IosiAn00,2023
Chris Rodriguez,WAS,RB,23,13,0,0,0,0,51,247,2,2,2,12,0,1,1,0,0,360,379,RodrCh00,2023
Marquez Valdes-Scantling,KAN,WR,29,16,10,0,0,0,0,0,0,42,21,315,1,1,1,0,0,360,565,ValdMa00,2023
David Bell,CLE,WR,23,15,3,0,0,0,0,0,0,23,14,167,3,0,0,0,0,350,487,BellDa02,2023
Michael Carter,2TM,RB,24,15,0,0,0,0,30,187,0,31,24,101,1,0,0,0,0,350,588,CartMi03,2023
Darrell Henderson,LAR,RB,26,4,4,0,0,0,46,112,2,14,10,103,0,0,0,0,0,340,435,HendDa00,2023
Lil'Jordan Humphrey,DEN,WR,25,17,8,0,0,0,0,0,0,19,13,162,3,0,0,0,0,340,472,HumpLi01,2023
Brevin Jordan,HOU,TE,23,14,6,0,0,0,0,0,0,21,17,219,2,0,0,0,0,340,509,JordBr00,2023
Jauan Jennings,SFO,WR,26,13,2,0,0,0,0,0,0,33,19,265,1,0,0,0,0,330,515,JennJa00,2023
Dawson Knox,BUF,TE,27,12,11,0,0,0,0,0,0,36,22,186,2,0,0,1,0,330,546,KnoxDa00,2023
Kendre Miller,NOR,RB,21,8,0,0,0,0,41,156,1,11,10,117,0,0,0,0,0,330,433,MillKe01,2023
Skyy Moore,KAN,WR,23,14,8,0,0,0,3,23,0,38,21,244,1,0,0,0,0,330,537,MoorSk01,2023
JuJu Smith-Schuster,NWE,WR,27,11,7,0,0,0,0,0,0,47,29,260,1,0,0,0,0,320,610,SmitJu00,2023
Braxton Berrios,MIA,WR,28,16,1,0,0,0,1,11,0,33,27,238,1,1,0,0,0,310,579,BerrBr00,2023
Josh Oliver,MIN,TE,26,17,14,0,0,0,0,0,0,28,22,213,2,1,1,0,0,310,533,OlivJo00,2023
Mike Williams,LAC,WR,29,3,3,0,0,0,1,3,0,26,19,249,1,0,0,0,0,310,502,WillMi07,2023
Matt Breida,NYG,RB,28,17,4,0,0,0,55,151,1,21,17,88,0,1,0,0,0,300,469,BreiMa00,2023
Bo Melton,GNB,WR,24,5,1,0,0,0,3,21,0,24,16,218,1,0,0,0,0,300,459,MeltBo00,2023
Alex Erickson,LAC,WR,31,8,3,0,0,0,0,0,0,29,16,232,1,0,0,0,0,290,452,EricAl01,2023
Drew Lock,SEA,QB,27,4,2,543,3,3,5,14,0,0,0,0,0,0,0,0,0,290,291,LockDr00,2023
Andrew Beck,HOU,RB,27,15,12,0,0,0,5,3,1,13,11,55,2,1,1,0,0,280,388,BeckAn01,2023
Jimmy Graham,NOR,TE,37,13,2,0,0,0,0,0,0,7,6,39,4,0,0,0,0,280,339,GrahJi00,2023
Scott Miller,ATL,WR,26,17,0,0,0,0,0,0,0,16,11,161,2,0,0,0,0,280,391,MillSc01,2023
Cordarrelle Patterson,ATL,RB,32,14,0,0,0,0,50,181,0,12,9,38,1,1,0,0,0,280,369,PattCo00,2023
Allen Robinson,PIT,WR,30,17,17,0,0,0,0,0,0,49,34,280,0,0,0,0,0,280,620,RobiAl02,2023
Drew Sample,CIN,TE,27,17,10,0,0,0,0,0,0,27,22,163,2,0,0,0,0,280,503,SampDr00,2023
Olamide Zaccheaus,PHI,WR,26,17,1,0,0,0,0,0,0,20,10,164,2,0,0,0,0,280,384,ZaccOl01,2023
Salvon Ahmed,MIA,RB,25,8,0,0,0,0,22,61,1,23,16,88,1,0,0,0,0,270,429,AhmeSa01,2023
Andrew Ogletree,IND,TE,25,12,9,0,0,0,0,0,0,21,9,147,2,0,0,0,0,270,357,OgleAn00,2023
Trevor Siemian,NYJ,QB,32,5,3,724,2,4,11,40,0,0,0,0,0,5,3,0,0,270,270,SiemTr00,2023
Jarrett Stidham,DEN,QB,27,3,2,496,2,1,9,8,0,0,0,0,0,1,0,0,0,270,266,StidJa00,2023
Jeff Wilson,MIA,RB,28,10,0,0,0,0,41,188,0,17,14,85,0,0,0,0,0,270,413,WilsJe01,2023
Jamal Agnew,JAX,WR,28,11,1,0,0,0,4,-2,0,21,14,225,1,1,1,0,0,260,403,AgneJa00,2023
Daniel Bellinger,NYG,TE,23,17,13,0,0,0,0,0,0,28,25,255,0,0,0,0,0,260,505,BellDa00,2023
Chase Edmonds,TAM,RB,27,13,0,0,0,0,49,176,0,17,14,81,0,0,0,0,0,260,397,EdmoCh00,2023
Tyler Huntley,BAL,QB,25,5,1,203,3,0,15,55,0,0,0,0,0,0,0,0,0,260,256,HuntTy01,2023
Kadarius Toney,KAN,WR,24,13,2,0,0,0,11,31,0,38,27,169,1,1,0,0,0,260,530,ToneKa00,2023
Carson Wentz,LAR,QB,31,2,1,163,2,1,17,56,1,0,0,0,0,0,0,0,1,260,261,WentCa00,2023
Ronnie Bell,SFO,WR,23,17,0,0,0,0,0,0,0,13,6,68,3,1,0,0,0,250,308,BellRo01,2023
Pharaoh Brown,NWE,TE,29,17,11,0,0,0,0,0,0,15,13,208,1,1,1,0,0,250,378,BrowPh01,2023
Harrison Bryant,CLE,TE,25,17,9,0,0,0,5,8,0,20,13,81,3,1,1,0,0,250,379,BryaHa00,2023
Dalvin Cook,NYJ,RB,28,15,1,0,0,0,67,214,0,20,15,78,0,2,2,0,0,250,402,CookDa01,2023
Dalvin Cook,BAL,RB,28,0,0,0,0,0,0,0,0,0,0,0,0,0,0,0,0,250,0,CookDa01,2023
Zach Ertz,ARI,TE,33,7,7,0,0,0,0,0,0,43,27,187,1,0,0,0,0,250,517,ErtzZa00,2023
Deonte Harty,BUF,WR,26,16,1,0,0,0,4,0,0,21,15,150,1,2,1,0,0,250,400,HarrDe07,2023
Mack Hollins,ATL,WR,30,13,3,0,0,0,0,0,0,30,18,251,0,0,0,0,0,250,431,HollMa00,2023
D'Ernest Johnson,JAX,RB,27,17,0,0,0,0,41,108,0,12,10,140,0,0,0,0,0,250,348,JohnDE04,2023
Ty Johnson,BUF,RB,26,10,0,0,0,0,30,132,0,7,7,62,1,1,0,0,0,250,324,JohnTy02,2023
Julio Jones,PHI,WR,34,11,4,0,0,0,0,0,0,19,11,74,3,0,0,0,0,250,364,JoneJu02,2023
Tony Jones,2TM,RB,26,7,1,0,0,0,26,95,2,10,7,37,0,0,0,0,0,250,322,JoneTo04,2023
Kyle Juszczyk,SFO,RB,32,17,16,0,0,0,5,6,0,17,14,119,2,0,0,0,0,250,385,JuszKy00,2023
Foster Moreau,NOR,TE,26,15,10,0,0,0,0,0,0,25,21,193,1,0,0,0,0,250,463,MoreFo00,2023
Craig Reynolds,DET,RB,27,17,0,0,0,0,41,179,1,5,5,47,0,2,2,0,0,250,296,ReynCr00,2023
Ihmir Smith-Marsette,CAR,WR,24,17,0,0,0,0,8,74,1,10,8,51,0,2,0,0,0,250,325,SmitIh00,2023
Treylon Burks,TEN,WR,23,11,9,0,0,0,5,18,0,30,16,221,0,0,0,0,0,240,399,BurkTr00,2023
Andy Dalton,CAR,QB,36,3,1,361,2,0,3,12,0,0,0,0,0,0,0,0,0,240,236,DaltAn00,2023
Hayden Hurst,CAR,TE,30,9,8,0,0,0,0,0,0,32,18,184,1,0,0,0,0,240,424,HursHa00,2023
Hunter Renfrow,LVR,WR,28,17,3,0,0,0,0,0,0,37,25,255,0,1,1,0,0,240,485,RenfHu00,2023
Jacoby Brissett,WAS,QB,31,3,0,224,3,0,3,19,0,0,0,0,0,0,0,0,0,230,229,BrisJa00,2023
Dyami Brown,WAS,WR,24,17,1,4,0,0,1,0,0,23,12,168,1,0,0,0,0,230,350,BrowDy00,2023
Sam Darnold,SFO,QB,26,10,1,297,2,1,21,15,1,0,0,0,0,3,1,0,0,230,234,DarnSa00,2023
Will Dissly,SEA,TE,27,16,14,0,0,0,0,0,0,22,17,172,1,0,0,0,0,230,402,DissWi00,2023
Darrynton Evans,2TM,RB,25,7,0,0,0,0,32,121,1,12,7,49,0,0,0,0,0,230,300,EvanDa02,2023
KhaDarel Hodge,ATL,WR,28,17,4,0,0,0,1,0,0,23,14,232,0,1,0,0,0,230,372,HodgKh00,2023
Austin Hooper,LVR,TE,29,17,9,0,0,0,0,0,0,31,25,234,0,0,0,0,0,230,484,HoopAu00,2023
Johnny Mundt,MIN,TE,29,17,0,0,0,0,0,0,0,23,17,172,1,0,0,0,0,230,402,MundJo00,2023
Cedric Tillman,CLE,WR,23,14,3,0,0,0,1,8,0,44,21,224,0,0,0,0,0,230,442,TillCe01,2023
Parker Washington,JAX,WR,21,9,1,0,0,0,0,0,0,21,16,132,2,2,1,0,0,230,392,WashPa01,2023
Ameer Abdullah,LVR,RB,30,17,0,0,0,0,15,89,0,24,19,131,0,0,0,0,0,220,410,AbduAm00,2023
Tank Bigsby,JAX,RB,22,17,0,0,0,0,50,132,2,4,1,6,0,2,2,0,0,220,228,BigsTa00,2023
Elijah Higgins,ARI,TE,23,11,2,0,0,0,0,0,0,19,14,163,1,0,0,0,0,220,363,HiggEl00,2023
Jalen Reagor,NWE,WR,24,11,1,0,0,0,1,17,0,23,7,138,0,0,0,0,0,220,285,ReagJa00,2023
Stone Smartt,LAC,TE,25,16,3,0,0,0,0,0,0,21,11,155,1,0,0,0,0,220,325,SmarSt00,2023
Dorian Thompson-Robinson,CLE,QB,24,8,3,440,1,4,14,65,0,0,0,0,0,2,0,1,0,220,221,ThomDo02,2023
C.J. Beathard,JAX,QB,30,7,1,349,1,0,8,35,0,0,0,0,0,1,0,0,0,210,215,BeatC.00,2023
Derius Davis,LAC,WR,23,17,2,0,0,0,14,101,0,17,15,66,0,3,1,0,0,210,357,DaviDe02,2023
Van Jefferson,2TM,WR,27,17,9,0,0,0,1,4,0,43,20,209,0,0,0,0,0,210,413,JeffVa00,2023
Will Mallory,IND,TE,24,12,2,0,0,0,0,0,0,26,18,207,0,1,0,0,0,210,387,MallWi00,2023
Jamison Crowder,WAS,WR,30,17,0,0,0,0,0,0,0,20,16,159,1,2,1,0,0,200,359,CrowJa00,2023
P.J. Walker,CLE,QB,28,6,2,674,1,5,13,30,0,0,0,0,0,4,2,0,0,200,200,WalkPh00,2023
Quez Watkins,PHI,WR,25,9,5,0,0,0,0,0,0,21,15,142,1,0,0,0,0,200,352,WatkQu00,2023
Robbie Chosen,MIA,WR,30,9,0,0,0,0,0,0,0,6,4,126,1,0,0,0,0,190,226,AndeRo04,2023
Nick Chubb,CLE,RB,28,2,2,0,0,0,28,170,0,4,4,21,0,0,0,0,0,190,231,ChubNi00,2023
Malik Heath,GNB,WR,23,13,1,0,0,0,0,0,0,24,15,125,1,0,0,0,0,190,335,HeatMa00,2023
Luke Schoonmaker,DAL,TE,25,17,0,0,0,0,0,0,0,15,8,65,2,0,0,0,0,190,265,SchoLu00,2023
Tyler Scott,CHI,WR,22,17,4,0,0,0,7,41,0,32,17,168,0,1,1,0,0,190,359,ScotTy00,2023
Patrick Taylor,GNB,RB,25,11,0,0,0,0,32,141,0,17,11,49,0,0,0,0,0,190,300,TaylPa01,2023
River Cracraft,MIA,WR,29,10,1,0,0,0,0,0,0,12,9,121,1,0,0,0,0,180,271,CracRi00,2023
Kevin Harris,NWE,RB,23,4,0,0,0,0,16,65,1,3,3,58,0,0,0,0,0,180,213,HarrKe01,2023
Davis Mills,HOU,QB,25,6,0,173,2,0,2,9,0,0,0,0,0,0,0,0,1,180,178,MillDa02,2023
Deven Thompkins,TAM,WR,24,17,1,0,0,0,8,56,0,25,17,83,1,3,1,0,0,180,349,ThomDe07,2023
Melvin Gordon,BAL,RB,30,4,0,0,0,0,26,81,1,3,3,46,0,1,1,0,0,170,197,GordMe00,2023
Damien Harris,BUF,RB,26,6,0,0,0,0,23,94,1,2,2,16,0,0,0,0,0,170,190,HarrDa06,2023
Connor Heyward,PIT,TE,24,17,7,0,0,0,1,0,0,34,23,167,0,0,0,0,0,170,397,HeywCo00,2023
Ray-Ray McCloud,SFO,WR,27,12,1,0,0,0,3,30,0,15,12,135,0,1,0,0,0,170,285,McClRa00,2023
MyCole Pruitt,ATL,TE,31,17,8,0,0,0,0,0,0,12,9,110,1,1,0,0,0,170,260,PruiMy00,2023
Trey Sermon,IND,RB,24,14,0,0,0,0,35,160,0,6,3,13,0,0,0,0,0,170,203,SermTr00,2023
Davis Allen,LAR,TE,22,15,1,0,0,0,0,0,0,11,10,95,1,0,0,0,0,160,255,AlleDa02,2023
Luke Farrell,JAX,TE,26,17,8,0,0,0,0,0,0,15,13,155,0,0,0,0,0,160,285,FarrLu00,2023
Lucas Krull,DEN,TE,25,7,2,0,0,0,0,0,0,14,8,95,1,0,0,0,0,160,235,KrulLu00,2023
John Metchie,HOU,WR,23,16,0,0,0,0,1,4,0,30,16,158,0,0,0,0,0,160,322,MetcJo00,2023
Donovan Peoples-Jones,2TM,WR,24,15,6,0,0,0,0,0,0,25,13,155,0,1,0,0,0,160,285,PeopDo00,2023
Kyle Philips,TEN,WR,24,9,0,0,0,0,0,0,0,22,15,181,0,1,1,0,0,160,311,PhilKy01,2023
Irv Smith Jr.,CIN,TE,25,12,6,0,0,0,0,0,0,26,18,115,1,1,1,0,0,160,335,SmitIr01,2023
John Bates,WAS,TE,26,17,4,0,0,0,0,0,0,28,19,151,0,0,0,0,0,150,341,BateJo00,2023
Jalen Guyton,LAC,WR,26,8,3,0,0,0,0,0,0,21,10,89,1,0,0,0,0,150,249,GuytJa01,2023
Charlie Kolar,BAL,TE,24,15,3,0,0,0,0,0,0,9,7,87,1,0,0,0,0,150,217,KolaCh00,2023
David Moore,TAM,WR,28,7,0,0,0,0,0,0,0,7,5,94,1,0,0,0,0,150,204,MoorDa03,2023
Ronnie Rivers,LAR,RB,24,9,1,0,0,0,32,129,0,5,5,22,0,0,0,0,0,150,201,RiveRo01,2023
Jeremy Ruckert,NYJ,TE,23,15,6,0,0,0,0,0,0,22,16,151,0,0,0,0,0,150,311,RuckJe00,2023
Trent Sherfield,BUF,WR,27,17,1,0,0,0,0,0,0,22,11,86,1,0,0,0,0,150,256,SherTr00,2023
Josh Whyle,TEN,TE,24,11,3,0,0,0,0,0,0,15,9,94,1,0,0,0,0,150,244,WhylJo01,2023
Brock Wright,DET,TE,25,14,4,0,0,0,0,0,0,14,13,91,1,0,0,0,0,150,281,WrigBr01,2023
Chase Claypool,2TM,WR,25,12,2,0,0,0,0,0,0,21,8,77,1,0,0,0,0,140,217,ClayCh01,2023
Jeff Driskel,CLE,QB,30,1,1,166,2,2,7,33,0,0,0,0,0,0,0,0,0,140,139,DrisJe00,2023
Xavier Hutchinson,HOU,WR,23,16,0,0,0,0,5,49,0,19,8,90,0,0,0,0,0,140,219,HutcXa00,2023
Charlie Jones,CIN,WR,25,11,0,0,0,0,2,13,0,9,7,64,0,0,0,0,0,140,207,JoneCh11,2023
Terrace Marshall Jr.,CAR,WR,23,9,4,0,0,0,0,0,0,33,19,139,0,1,0,0,0,140,329,MarsTe00,2023
Byron Pringle,WAS,WR,30,17,1,0,0,0,0,0,0,22,14,161,0,1,1,0,0,140,281,PrinBy00,2023
Ben Skowronek,LAR,WR,26,17,0,0,0,0,2,9,0,12,8,66,1,0,0,0,0,140,215,SkowBe00,2023
Tyquan Thornton,NWE,WR,23,9,3,0,0,0,3,51,0,23,13,91,0,0,0,0,0,140,272,ThorTy00,2023
Jordan Akins,CLE,TE,31,17,4,0,0,0,0,0,0,23,15,132,0,0,0,0,0,130,282,AkinJo00,2023
Isaiah Spiller,LAC,RB,22,9,0,0,0,0,37,96,0,6,6,34,0,0,0,0,0,130,190,SpilIs00,2023
Stephen Sullivan,CAR,TE,27,11,0,0,0,0,0,0,0,24,12,125,0,0,0,0,0,130,245,SullSt00,2023
Lynn Bowden Jr.,NOR,WR,26,15,3,0,0,0,5,32,0,16,11,83,0,1,0,0,0,120,225,BowdLy00,2023
Jason Brownlee,NYJ,WR,24,7,5,0,0,0,0,0,0,8,5,56,1,0,0,0,0,120,166,BrowJa07,2023
Randall Cobb,NYJ,WR,33,11,1,0,0,0,0,0,0,17,5,39,1,0,0,1,0,120,169,CobbRa00,2023
Tyler Goodson,IND,RB,23,6,1,0,0,0,13,87,0,9,6,34,0,0,0,0,0,120,181,GoodTy00,2023
Alec Ingold,MIA,RB,27,17,13,0,0,0,2,0,0,16,13,119,0,0,0,0,0,120,249,IngoAl01,2023
Marcus Mariota,PHI,QB,30,3,0,164,1,1,8,52,0,0,0,0,0,1,1,0,0,120,118,MariMa01,2023
D.J. Montgomery,IND,WR,27,7,0,0,0,0,0,0,0,8,3,56,1,0,0,0,0,120,146,MontDJ01,2023
Boston Scott,PHI,RB,28,15,0,0,0,0,20,86,0,6,4,52,0,1,1,0,0,120,158,ScotBo02,2023
Laviska Shenault Jr.,CAR,WR,25,8,0,0,0,0,12,55,0,10,10,60,0,1,0,0,0,120,215,ShenLa00,2023
Cole Turner,WAS,TE,23,12,1,0,0,0,0,0,0,15,11,120,0,0,0,0,0,120,230,TurnCo00,2023
C.J. Uzomah,NYJ,TE,30,12,8,0,0,0,0,0,0,12,8,58,1,0,0,0,0,120,198,UzomC.00,2023
Jameis Winston,NOR,QB,29,7,0,264,2,3,5,-6,0,0,0,0,0,0,0,0,0,120,120,WinsJa00,2023
Raheem Blackshear,CAR,RB,24,12,0,0,0,0,14,46,0,7,6,45,0,0,0,1,0,110,171,BlacRa00,2023
Brandon Bolden,LVR,RB,33,17,0,0,0,0,4,31,1,0,0,0,0,0,0,1,0,110,111,BoldBr00,2023
Tim Boyle,NYJ,QB,29,3,2,360,1,4,4,5,0,0,0,0,0,2,0,0,0,110,109,BoylTi00,2023
Chris Brooks,MIA,RB,23,9,0,0,0,0,19,106,0,0,0,0,0,0,0,0,0,110,106,BrooCh00,2023
Mecole Hardman,2TM,WR,25,11,2,0,0,0,1,3,0,24,15,124,0,1,1,0,0,110,257,HardMe00,2023
La'Mical Perine,KAN,RB,25,3,1,0,0,0,22,77,0,5,3,33,0,0,0,0,0,110,140,PeriLa00,2023
Patrick Ricard,BAL,RB,29,17,9,0,0,0,0,0,0,7,5,52,1,0,0,0,0,110,162,RicaPa00,2023
Robert Tonyan,CHI,TE,29,17,6,0,0,0,0,0,0,17,11,112,0,0,0,0,0,110,222,TonyRo00,2023
Emanuel Wilson,GNB,RB,24,7,0,0,0,0,14,85,0,5,4,23,0,1,0,0,0,110,148,WilsEm00,2023
Lawrence Cager,NYG,TE,26,11,0,0,0,0,0,0,0,5,4,36,1,0,0,0,0,100,136,CageLa01,2023
Parris Campbell,NYG,WR,26,12,3,0,0,0,0,0,0,27,20,104,0,0,0,0,0,100,304,CampPa00,2023
J.K. Dobbins,BAL,RB,25,1,1,0,0,0,8,22,1,3,2,15,0,0,0,0,0,100,117,DobbJK00,2023
Marquise Goodwin,CLE,WR,33,12,0,0,0,0,4,33,0,13,4,67,0,0,0,0,0,100,140,GoodMa00,2023
Keaontay Ingram,ARI,RB,24,8,1,0,0,0,35,74,0,4,4,26,0,0,0,0,0,100,140,IngrKe01,2023
Case Keenum,HOU,QB,35,2,2,291,1,3,2,1,0,0,0,0,0,1,0,0,0,100,97,KeenCa00,2023
Keith Kirkwood,NOR,WR,29,13,4,0,0,0,0,0,0,9,5,37,1,0,0,0,0,100,147,KirkKe00,2023
Hunter Luepke,DAL,RB,23,17,0,0,0,0,6,19,1,4,3,18,0,0,0,0,0,100,127,LuepHu00,2023
Sterling Shepard,NYG,WR,30,15,2,0,0,0,1,6,0,22,10,57,1,1,1,0,0,100,203,ShepSt00,2023
Brenton Strange,JAX,TE,23,14,4,0,0,0,0,0,0,9,5,35,1,0,0,0,0,100,145,StraBr00,2023
Israel Abanikanda,NYJ,RB,21,6,0,0,0,0,22,70,0,11,7,43,0,1,1,0,0,90,163,AbanIs00,2023
Nick Bawden,NYJ,RB,27,16,2,0,0,0,2,4,1,3,3,21,0,0,0,0,0,90,115,BawdNi00,2023
Richie James,KAN,WR,28,9,1,0,0,0,0,0,0,14,10,114,0,2,1,0,0,90,194,JameRi00,2023
Marcedes Lewis,CHI,TE,39,17,4,0,0,0,0,0,0,5,4,29,1,0,0,0,0,90,129,LewiMa00,2023
Quintin Morris,BUF,TE,24,15,0,0,0,0,0,0,0,3,2,26,1,0,0,0,0,90,106,MorrQu00,2023
Geoff Swaim,ARI,TE,30,14,8,0,0,0,0,0,0,11,10,94,0,0,0,0,0,90,194,SwaiGe00,2023
Brycen Hopkins,LAR,TE,26,15,0,0,0,0,0,0,0,7,5,78,0,0,0,0,0,80,128,HopkBr01,2023
Tim Jones,JAX,WR,25,17,2,0,0,0,0,0,0,18,11,83,0,0,0,0,0,80,193,JoneTi00,2023
Dare Ogunbowale,HOU,RB,29,12,0,0,0,0,8,35,0,7,2,18,0,0,0,0,0,80,103,OgunDa00,2023
Ben Sims,GNB,TE,23,17,1,0,0,0,0,0,0,6,4,21,1,0,0,0,0,80,121,SimsBe00,2023
Samori Toure,GNB,WR,25,11,0,0,0,0,0,0,0,18,8,78,0,1,1,1,0,80,158,TourSa00,2023
Deuce Vaughn,DAL,RB,22,7,0,0,0,0,23,40,0,7,7,40,0,0,0,0,0,80,150,VaugDe00,2023
Trayveon Williams,CIN,RB,26,17,0,0,0,0,15,69,0,9,7,10,0,0,0,0,0,80,149,WillTr06,2023
Blake Bell,KAN,TE,32,17,3,0,0,0,0,0,0,9,5,26,1,1,1,0,0,70,116,BellBl00,2023
Gary Brightwell,NYG,RB,24,7,0,0,0,0,9,19,0,7,5,47,0,0,0,0,0,70,116,BrigGa00,2023
Chris Conley,SFO,WR,31,8,0,0,0,0,0,0,0,6,3,69,0,0,0,0,0,70,99,ConlCh00,2023
Josiah Deguara,GNB,TE,26,15,4,0,0,0,0,0,0,8,8,65,0,0,0,0,0,70,145,DeguJo00,2023
Simi Fehoko,LAC,WR,26,6,0,0,0,0,0,0,0,2,1,9,1,0,0,0,0,70,79,FehoSi00,2023
Eric Gray,NYG,RB,24,13,0,0,0,0,17,48,0,7,6,22,0,3,0,0,0,70,130,GrayEr01,2023
Tyler Johnson,LAR,WR,25,1,0,0,0,0,0,0,0,3,2,8,1,0,0,0,0,70,88,JohnTy00,2023
Velus Jones Jr.,CHI,WR,26,14,0,0,0,0,8,51,0,7,4,20,0,0,0,0,0,70,111,JoneVe00,2023
Clayton Tune,ARI,QB,24,7,1,62,0,2,8,30,1,0,0,0,0,2,1,1,0,70,75,TuneCl00,2023
Tylan Wallace,BAL,WR,24,11,0,0,0,0,0,0,0,2,1,11,0,0,0,0,0,70,81,WallTy00,2023
Jalen Brooks,DAL,WR,23,7,0,0,0,0,0,0,0,6,6,64,0,0,0,0,0,60,124,BrooJa03,2023
DeAndre Carter,LVR,WR,30,17,1,0,0,0,3,18,0,7,4,39,0,2,0,0,0,60,97,CartDe02,2023
Payne Durham,TAM,TE,23,13,2,0,0,0,0,0,0,7,5,58,0,0,0,0,0,60,108,DurhPa00,2023
Blaine Gabbert,KAN,QB,34,2,1,185,0,3,7,45,0,0,0,0,0,0,0,0,0,60,59,GabbBl00,2023
Rakim Jarrett,TAM,WR,22,10,0,0,0,0,1,0,0,9,4,60,0,0,0,0,0,60,100,JarrRa00,2023
Ko Kieft,TAM,TE,25,16,6,0,0,0,0,0,0,5,1,2,1,0,0,0,0,60,72,KiefKo00,2023
Isaiah McKenzie,IND,WR,28,13,2,0,0,0,3,14,0,14,11,82,0,3,2,0,0,60,166,McKeIs00,2023
Equanimeous St. Brown,CHI,WR,27,7,2,0,0,0,0,0,0,6,5,62,0,0,0,0,0,60,112,St.BEq00,2023
Ian Thomas,CAR,TE,27,12,5,0,0,0,0,0,0,9,5,56,0,0,0,0,0,60,106,ThomIa00,2023
Darnell Washington,PIT,TE,22,17,7,0,0,0,0,0,0,10,7,61,0,0,0,0,0,60,131,WashDa03,2023
Mitchell Wilcox,CIN,TE,27,17,4,0,0,0,0,0,0,12,9,56,0,0,0,0,0,60,146,WilcMi01,2023
Damien Williams,ARI,RB,31,3,0,0,0,0,11,43,0,2,2,12,0,0,0,0,0,60,75,WillDa05,2023
Brian Hoyer,LVR,QB,38,3,1,231,0,2,3,-3,0,0,0,0,0,0,0,0,0,50,49,HoyeBr00,2023
Ty Montgomery,NWE,WR,30,13,0,0,0,0,3,9,0,12,5,40,0,0,0,0,0,50,99,MontTy01,2023
Justyn Ross,KAN,WR,24,10,1,0,0,0,0,0,0,11,6,53,0,0,0,0,0,50,113,RossJu00,2023
Brett Rypien,LAR,QB,27,2,1,172,0,1,3,19,0,0,0,0,0,2,1,0,0,50,48,RypiBr00,2023
Mike Strachan,CAR,WR,26,4,1,0,0,0,0,0,0,3,1,45,0,0,0,0,0,50,55,StraMi03,2023
Michael Burton,DEN,RB,31,17,3,0,0,0,7,9,0,3,3,8,0,0,0,1,0,40,67,BurtMi00,2023
Grant Calcaterra,PHI,TE,25,15,1,0,0,0,0,0,0,4,4,39,0,0,0,0,0,40,79,CalcGr00,2023
Elijah Cooks,JAX,WR,25,9,0,0,0,0,0,0,0,4,3,38,0,0,0,0,0,40,68,CookEl00,2023
Britain Covey,PHI,WR,26,16,0,0,0,0,0,0,0,6,4,42,0,2,0,0,0,40,82,CoveBr00,2023
Leonard Fournette,BUF,RB,28,2,0,0,0,0,12,40,0,0,0,0,0,0,0,0,0,40,40,FourLe00,2023
Peyton Hendershot,DAL,TE,24,8,1,0,0,0,1,0,0,7,4,38,0,0,0,0,0,40,78,HendPe01,2023
Rashaad Penny,PHI,RB,27,3,0,0,0,0,11,33,0,1,1,5,0,0,0,0,0,40,48,PennRa00,2023
Jack Stoll,PHI,TE,25,17,10,0,0,0,0,0,0,8,5,38,0,0,0,0,0,40,88,StolJa00,2023
Ke'Shawn Vaughn,TAM,RB,26,6,0,0,0,0,24,42,0,5,2,2,0,0,0,0,0,40,64,VaugKe00,2023
Khari Blasingame,CHI,RB,27,16,2,0,0,0,8,26,0,6,3,2,0,0,0,0,0,30,58,BlasKh00,2023
Keelan Doss,LAC,WR,27,5,0,0,0,0,0,0,0,13,6,33,0,0,0,0,0,30,93,DossKe00,2023
Greg Dulcich,DEN,TE,23,2,1,0,0,0,0,0,0,4,3,25,0,0,0,0,0,30,55,DulcGr00,2023
Devin Duvernay,BAL,WR,26,13,1,0,0,0,4,15,0,9,4,18,0,0,0,0,0,30,73,DuveDe00,2023
Derrick Gore,WAS,RB,29,6,0,0,0,0,3,26,0,0,0,0,0,0,0,0,0,30,26,GoreDe00,2023
C.J. Ham,MIN,RB,30,17,5,0,0,0,1,7,0,9,7,25,0,0,0,0,0,30,102,HamxC.00,2023
Julian Hill,MIA,TE,23,15,4,0,0,0,0,0,0,9,6,48,0,1,1,0,0,30,88,HillJu02,2023
Trishton Jackson,MIN,WR,25,7,0,0,0,0,0,0,0,4,2,9,0,0,0,1,0,30,49,JackTr02,2023
James Mitchell,DET,TE,24,15,1,0,0,0,0,0,0,2,2,28,0,0,0,0,0,30,48,MitcJa00,2023
Jalen Nailor,MIN,WR,24,6,1,0,0,0,0,0,0,6,3,29,0,0,0,0,0,30,59,NailJa00,2023
Teagan Quitoriano,HOU,TE,23,7,5,0,0,0,0,0,0,3,2,33,0,0,0,0,0,30,53,QuitTe00,2023
Cooper Rush,DAL,QB,30,7,0,144,0,1,12,-5,0,0,0,0,0,0,0,0,0,30,33,RushCo00,2023
Steven Sims,HOU,WR,26,3,0,0,0,0,1,1,0,3,3,25,0,0,0,0,0,30,56,SimsSt00,2023
Keith Smith,ATL,RB,31,13,6,0,0,0,0,0,0,3,3,33,0,0,0,0,0,30,63,SmitKe03,2023
Sean Tucker,TAM,RB,22,11,0,0,0,0,15,23,0,2,2,9,0,0,0,0,0,30,52,TuckSe00,2023
Malik Willis,TEN,QB,24,3,0,74,0,0,5,21,0,0,0,0,0,1,1,0,0,30,31,WillMa12,2023
Charlie Woerner,SFO,TE,26,17,2,0,0,0,0,0,0,3,3,32,0,0,0,0,0,30,62,WoerCh00,2023
Kenny Yeboah,NYJ,TE,25,5,1,0,0,0,0,0,0,4,2,28,0,0,0,0,0,30,48,YeboKe00,2023
Nate Adkins,DEN,TE,24,10,1,0,0,0,0,0,0,5,4,22,0,0,0,0,0,20,62,AdkiNa00,2023
Kayshon Boutte,NWE,WR,21,5,0,0,0,0,0,0,0,7,2,19,0,0,0,0,0,20,39,BoutKa00,2023
Miles Boykin,PIT,WR,27,17,0,0,0,0,0,0,0,4,3,17,0,0,0,0,0,20,47,BoykMi00,2023
DeeJay Dallas,SEA,RB,25,17,0,0,0,0,10,36,0,9,6,26,0,2,2,0,0,20,82,DallDe00,2023
Tyrion Davis-Price,SFO,RB,23,1,0,0,0,0,6,21,0,0,0,0,0,0,0,0,0,20,21,DaviTy03,2023
Elijah Dotson,LAC,RB,24,4,0,0,0,0,4,6,0,2,2,13,0,0,0,0,0,20,39,DotsEl00,2023
Zach Evans,LAR,RB,22,10,0,0,0,0,9,19,0,0,0,0,0,0,0,0,0,20,19,EvanZa00,2023
Erik Ezukanma,MIA,WR,23,2,0,0,0,0,5,22,0,1,0,0,0,0,0,0,0,20,22,EzukEr00,2023
Jake Funk,IND,RB,25,4,0,0,0,0,2,10,0,1,1,12,0,0,0,0,0,20,32,FunkJa00,2023
Jaren Hall,MIN,QB,25,3,2,168,0,1,6,14,0,0,0,0,0,2,2,0,0,20,21,HallJa00,2023
Marvin Jones,DET,WR,33,6,4,0,0,0,0,0,0,10,5,35,0,1,1,0,0,20,65,JoneMa02,2023
Zonovan Knight,DET,RB,22,2,0,0,0,0,3,13,0,1,1,8,0,0,0,0,0,20,31,KnigZo00,2023
Chris Manhertz,DEN,TE,31,16,4,0,0,0,0,0,0,4,2,16,0,0,0,0,0,20,36,ManhCh00,2023
Nick Muse,MIN,TE,25,2,0,0,0,0,0,0,0,1,1,22,0,0,0,0,0,20,32,MuseNi00,2023
Gunner Olszewski,2TM,WR,27,12,0,0,0,0,0,0,0,1,1,0,0,4,2,0,0,20,30,OlszGu00,2023
Zach Pascal,ARI,WR,29,14,1,0,0,0,0,0,0,15,4,19,0,0,0,0,0,20,59,PascZa00,2023
Laquon Treadwell,BAL,WR,28,5,1,0,0,0,0,0,0,3,1,16,0,0,0,0,0,20,26,TreaLa00,2023
Trevon Wesco,TEN,TE,28,15,10,0,0,0,0,0,0,3,1,21,0,0,0,0,0,20,31,WescTr00,2023
Mike White,MIA,QB,28,6,0,74,1,1,8,-9,0,0,0,0,0,1,1,0,0,20,21,WhitMi01,2023
Alex Armah,WAS,RB,29,8,0,0,0,0,0,0,0,3,3,13,0,0,0,0,0,10,43,ArmaAl00,2023
Sean Clifford,GNB,QB,25,2,0,37,0,0,3,-2,0,0,0,0,0,1,0,0,0,10,13,ClifSe00,2023
Jashaun Corbin,NYG,RB,23,6,0,0,0,0,1,1,0,3,3,12,0,0,0,0,0,10,43,CorbJa01,2023
Kenyan Drake,2TM,RB,29,3,0,0,0,0,2,0,0,3,2,31,0,1,1,0,0,10,31,DrakKe00,2023
Ross Dwelley,SFO,TE,28,12,0,0,0,0,0,0,0,2,1,12,0,0,0,0,0,10,22,DwelRo00,2023
D'Wayne Eskridge,SEA,WR,26,4,0,0,0,0,2,5,0,1,0,0,0,0,0,0,0,10,5,EskrDW00,2023
Chris Evans,CIN,RB,26,8,0,0,0,0,2,12,0,1,1,-1,0,0,0,0,0,10,21,EvanCh02,2023
Tucker Fisk,ATL,TE,24,6,2,0,0,0,0,0,0,1,1,9,0,0,0,0,0,10,19,FiskTu00,2023
John FitzPatrick,ATL,TE,23,9,0,0,0,0,0,0,0,1,1,12,0,0,0,0,0,10,22,FitzJo00,2023
Cole Fotheringham,LVR,TE,26,2,0,0,0,0,0,0,0,1,1,6,0,0,0,0,0,10,16,FothCo00,2023
Evan Hull,IND,RB,23,1,0,0,0,0,1,1,0,1,1,6,0,0,0,0,0,10,17,HullEv00,2023
Collin Johnson,CHI,WR,26,3,0,0,0,0,0,0,0,1,1,11,0,0,0,0,0,10,21,JohnCo01,2023
Jakob Johnson,LVR,RB,29,13,5,0,0,0,0,0,0,2,1,12,0,0,0,0,0,10,22,JohnJa12,2023
Mason Kinsey,TEN,WR,25,6,0,0,0,0,0,0,0,1,1,6,0,0,0,0,0,10,16,KinsMa00,2023
A.J. McCarron,CIN,QB,33,2,0,19,0,0,0,0,0,0,0,0,0,0,0,0,0,10,8,McCaA.00,2023
Anthony McFarland Jr.,PIT,RB,25,3,0,0,0,0,0,0,0,2,2,11,0,0,0,0,0,10,31,McFaAn00,2023
Kene Nwangwu,MIN,RB,25,9,0,0,0,0,5,13,0,0,0,0,0,0,0,0,0,10,13,NwanKe00,2023
Devine Ozigbo,DET,RB,27,3,0,0,0,0,3,5,0,1,1,8,0,0,0,0,0,10,23,OzigDe01,2023
Kevin Rader,TEN,TE,28,14,0,0,0,0,0,0,0,3,1,6,0,0,0,0,0,10,16,RadeKe00,2023
Eric Saubert,2TM,TE,29,10,1,0,0,0,0,0,0,3,3,12,0,0,0,0,0,10,42,SaubEr00,2023
Willie Snead,SFO,WR,31,4,0,0,0,0,0,0,0,3,2,14,0,0,0,0,0,10,34,SneaWi00,2023
Malik Taylor,NYJ,WR,28,3,0,0,0,0,0,0,0,4,2,13,0,0,0,0,0,10,33,TaylMa01,2023
Cody Thompson,SEA,WR,27,7,0,0,0,0,0,0,0,1,1,10,0,0,0,0,0,10,20,ThomCo04,2023
Austin Trammell,LAR,WR,25,16,0,0,0,0,0,0,0,7,4,29,0,3,1,0,0,10,49,TramAu00,2023
Jonathan Ward,TEN,RB,26,7,0,0,0,0,3,11,0,0,0,0,0,0,0,0,0,10,11,WardJo00,2023
Devon Allen,PHI,WR,29,2,0,0,0,0,0,0,0,0,0,0,0,0,0,0,0,0,0,AlleDe02,2023
Stephen Anderson,LAC,TE,30,3,0,0,0,0,0,0,0,0,0,0,0,0,0,0,0,0,0,AndeSt01,2023
Andre Baccellia,ARI,WR,26,5,0,0,0,0,0,0,0,0,0,0,0,0,0,0,0,0,0,BaccAn00,2023
Michael Bandy,DEN,WR,26,1,0,0,0,0,0,0,0,0,0,0,0,0,0,0,0,0,0,BandMi00,2023
Matt Barkley,JAX,QB,33,1,0,0,0,0,3,-3,0,0,0,0,0,0,0,0,0,0,-3,BarkMa00,2023
Nick Bellore,SEA,RB,34,16,0,0,0,0,0,0,0,0,0,0,0,0,0,0,0,0,0,BellNi01,2023
Chris Blair,ATL,WR,26,1,0,0,0,0,0,0,0,0,0,0,0,0,0,0,0,0,0,BlaiCh00,2023
Teddy Bridgewater,DET,QB,31,1,0,0,0,0,2,-2,0,0,0,0,0,0,0,0,0,0,-2,BridTe00,2023
Matt Bushman,KAN,TE,28,1,0,0,0,0,0,0,0,0,0,0,0,0,0,0,0,0,0,BushMa00,2023
Terrell Bynum,LAC,WR,25,1,0,0,0,0,0,0,0,0,0,0,0,0,0,0,0,0,0,BynuTe00,2023
Damiere Byrd,ATL,WR,30,1,0,0,0,0,0,0,0,2,0,0,0,0,0,0,0,0,0,ByrdDa00,2023
Jason Cabinda,DET,RB,27,4,0,0,0,0,1,0,0,0,0,0,0,0,0,0,0,0,0,CabiJa00,2023
Marquez Callaway,NOR,WR,25,3,0,0,0,0,0,0,0,0,0,0,0,0,0,0,0,0,0,CallMa01,2023
Stephen Carlson,CHI,TE,27,1,0,0,0,0,0,0,0,0,0,0,0,0,0,0,0,0,0,CarlSt00,2023
Irvin Charles,NYJ,WR,26,12,0,0,0,0,0,0,0,1,0,0,0,0,0,0,0,0,0,CharIr00,2023
Julius Chestnut,TEN,RB,23,3,0,0,0,0,0,0,0,0,0,0,0,0,0,0,0,0,0,ChesJu00,2023
Dan Chisena,ARI,WR,26,4,0,0,0,0,0,0,0,0,0,0,0,0,0,0,0,0,0,ChisDa00,2023
Dan Chisena,BAL,WR,26,0,0,0,0,0,0,0,0,0,0,0,0,0,0,0,0,0,0,ChisDa00,2023
Corey Clement,ARI,RB,29,3,0,0,0,0,0,0,0,0,0,0,0,0,0,0,0,0,0,ClemCo00,2023
Tanner Conner,MIA,TE,25,3,0,0,0,0,0,0,0,0,0,0,0,0,0,0,0,0,0,ConnTa00,2023
Malik Cunningham,2TM,QB,25,2,0,0,0,0,0,0,0,0,0,0,0,0,0,0,0,0,0,CunnMa00,2023
Darrell Daniels,DET,TE,29,3,0,0,0,0,0,0,0,0,0,0,0,0,0,0,0,0,0,DaniDa02,2023
Frank Darby,ATL,WR,26,1,0,0,0,0,0,0,0,0,0,0,0,0,0,0,0,0,0,DarbFr00,2023
Jaelon Darden,CLE,WR,24,1,0,0,0,0,0,0,0,0,0,0,0,0,0,0,0,0,0,DardJa00,2023
Malik Davis,DAL,RB,25,3,0,0,0,0,0,0,0,0,0,0,0,0,0,0,0,0,0,DaviMa02,2023
Phillip Dorsett,DEN,WR,30,2,1,0,0,0,0,0,0,3,0,0,0,0,0,0,0,0,0,DorsPh00,2023
Colton Dowell,TEN,WR,24,10,1,0,0,0,0,0,0,2,1,3,0,0,0,0,0,0,13,DoweCo00,2023
Dylan Drummond,DET,WR,23,1,0,0,0,0,0,0,0,0,0,0,0,0,0,0,0,0,0,DrumDy00,2023
Sam Ehlinger,IND,QB,25,1,0,0,0,0,0,0,0,0,0,0,0,0,0,0,0,0,0,EhliSa00,2023
Princeton Fant,DAL,TE,24,2,0,0,0,0,0,0,0,0,0,0,0,0,0,0,0,0,0,FantPr00,2023
Ethan Fernea,IND,WR,25,3,0,0,0,0,0,0,0,0,0,0,0,0,0,0,0,0,0,FernEt00,2023
Anthony Firkser,DET,TE,28,2,0,0,0,0,0,0,0,0,0,0,0,0,0,0,0,0,0,FirkAn00,2023
Dez Fitzpatrick,PIT,WR,26,1,0,0,0,0,0,0,0,0,0,0,0,0,0,0,0,0,0,FitzDe00,2023
Myles Gaskin,2TM,RB,26,3,0,0,0,0,0,0,0,0,0,0,0,0,0,0,0,0,0,GaskMy00,2023
Zach Gentry,LVR,TE,27,1,0,0,0,0,0,0,0,0,0,0,0,0,0,0,0,0,0,GentZa00,2023
Reggie Gilliam,BUF,RB,26,17,0,0,0,0,0,0,0,1,1,3,0,0,0,0,0,0,13,GillRe00,2023
Antoine Green,DET,WR,24,9,0,0,0,0,0,0,0,2,1,2,0,0,0,0,0,0,12,GreeAn00,2023
Jacob Harris,JAX,WR,26,2,0,0,0,0,0,0,0,0,0,0,0,0,0,0,0,0,0,HarrJa03,2023
N'Keal Harry,MIN,WR,26,9,0,0,0,0,0,0,0,0,0,0,0,0,0,0,0,0,0,HarrNK00,2023
Jamycal Hasty,2TM,RB,27,5,0,0,0,0,0,0,0,2,0,0,0,0,0,0,0,0,0,HastJa02,2023
Parker Hesse,ATL,TE,28,3,0,0,0,0,0,0,0,0,0,0,0,0,0,0,0,0,0,HessPa00,2023
J.P. Holtz,NOR,TE,30,1,0,0,0,0,0,0,0,0,0,0,0,0,0,0,0,0,0,HoltJ.01,2023
Travis Homer,CHI,RB,25,16,0,0,0,0,0,0,0,1,0,0,0,0,0,0,0,0,0,HomeTr00,2023
Jesper Horsted,LVR,TE,26,13,0,0,0,0,0,0,0,1,1,4,0,0,0,0,0,0,14,HorsJe00,2023
Mohamed Ibrahim,DET,RB,25,1,0,0,0,0,0,0,0,0,0,0,0,0,0,0,0,0,0,IbraMo00,2023
Godwin Igwebuike,2TM,RB,29,12,0,0,0,0,0,0,0,0,0,0,0,0,0,0,0,0,0,IgweGo00,2023
Andy Isabella,BUF,WR,27,2,0,0,0,0,0,0,0,0,0,0,0,0,0,0,0,0,0,IsabAn00,2023
Kearis Jackson,TEN,WR,24,2,0,0,0,0,0,0,0,0,0,0,0,0,0,0,0,0,0,JackKe02,2023
Lucky Jackson,MIN,WR,32,3,0,0,0,0,0,0,0,0,0,0,0,0,0,0,0,0,0,JackLu00,2023
Shedrick Jackson,CIN,WR,24,5,0,0,0,0,0,0,0,1,0,0,0,0,0,0,0,0,0,JackSh01,2023
Tyree Jackson,NYG,TE,26,2,1,0,0,0,0,0,0,0,0,0,0,0,0,0,0,0,0,JackTy01,2023
Johnny Johnson,HOU,WR,24,1,0,0,0,0,0,0,0,0,0,0,0,0,0,0,0,0,0,JohnJo12,2023
Hunter Kampmoyer,LAC,TE,25,1,0,0,0,0,0,0,0,0,0,0,0,0,0,0,0,0,0,KampHu00,2023
Dalton Keene,HOU,TE,24,1,0,0,0,0,0,0,0,0,0,0,0,0,0,0,0,0,0,KeenDa00,2023
Tyler Kroft,MIA,TE,31,8,0,0,0,0,0,0,0,0,0,0,0,0,0,0,0,0,0,KrofTy00,2023
Zack Kuntz,NYJ,TE,24,1,0,0,0,0,0,0,0,0,0,0,0,0,0,0,0,0,0,KuntZa00,2023
Kwamie Lassiter II,CIN,WR,25,1,0,0,0,0,0,0,0,1,1,2,0,0,0,0,0,0,12,LassKw00,2023
Hunter Long,LAR,TE,25,4,1,0,0,0,0,0,0,0,0,0,0,0,0,0,0,0,0,LongHu00,2023
Tay Martin,SFO,WR,26,1,0,0,0,0,0,0,0,0,0,0,0,0,0,0,0,0,0,MartTa00,2023
Ben Mason,BAL,RB,24,1,0,0,0,0,0,0,0,0,0,0,0,0,0,0,0,0,0,MasoBe00,2023
Jordan Matthews,CAR,TE,31,1,0,0,0,0,0,0,0,0,0,0,0,0,0,0,0,0,0,MattJo00,2023
Kenny McIntosh,SEA,RB,23,3,0,0,0,0,0,0,0,0,0,0,0,0,0,0,0,0,0,McInKe00,2023
Sean McKeon,DAL,TE,26,9,0,0,0,0,0,0,0,2,0,0,0,0,0,0,0,0,0,McKeSe01,2023
Tre' McKitty,LAC,TE,24,6,0,0,0,0,0,0,0,0,0,0,0,0,0,0,0,0,0,McKiTr00,2023
Jeremy McNichols,SFO,RB,28,3,0,0,0,0,0,0,0,0,0,0,0,0,0,0,0,0,0,McNiJe00,2023
Kirk Merritt,NOR,WR,26,1,0,0,0,0,0,0,0,0,0,0,0,0,0,0,0,0,0,MerrKi00,2023
Ryan Miller,TAM,WR,23,1,0,0,0,0,0,0,0,0,0,0,0,0,0,0,0,0,0,MillRy01,2023
Jordan Mims,NOR,RB,24,2,0,0,0,0,0,0,0,2,0,0,0,0,0,0,0,0,0,MimsJo00,2023
Stanley Morgan Jr.,CIN,WR,27,3,0,0,0,0,0,0,0,0,0,0,0,0,0,0,0,0,0,MorgSt02,2023
Albert Okwuegbunam,PHI,TE,25,4,0,0,0,0,0,0,0,1,0,0,0,0,0,0,0,0,0,OkwuAl00,2023
Qadree Ollison,PIT,RB,27,2,0,0,0,0,0,0,0,0,0,0,0,0,0,0,0,0,0,OlliQa00,2023
Henry Pearson,GNB,RB,24,2,0,0,0,0,0,0,0,0,0,0,0,0,0,0,0,0,0,PearHe00,2023
Josh Pederson,JAX,TE,26,3,0,0,0,0,0,0,0,0,0,0,0,0,0,0,0,0,0,PedeJo00,2023
Nathan Peterman,CHI,QB,29,2,0,0,0,0,2,-4,0,0,0,0,0,1,0,0,0,0,-4,PeteNa00,2023
Adam Prentice,NOR,RB,26,13,1,0,0,0,2,12,0,3,2,12,0,1,1,0,0,0,24,PrenAd00,2023
Deneric Prince,KAN,RB,23,2,0,0,0,0,0,0,0,0,0,0,0,0,0,0,0,0,0,PrinDe00,2023
Giovanni Ricci,CAR,RB,27,5,0,0,0,0,0,0,0,1,1,2,0,0,0,0,0,0,12,RiccGi00,2023
James Robinson,GNB,RB,25,1,0,0,0,0,1,2,0,1,1,-2,0,0,0,0,0,0,10,RobiJa00,2023
Aaron Rodgers,NYJ,QB,40,1,1,0,0,0,0,0,0,0,0,0,0,0,0,0,0,0,0,RodgAa00,2023
Amari Rodgers,IND,WR,24,3,0,0,0,0,0,0,0,2,0,0,0,0,0,0,0,0,0,RodgAm00,2023
Brady Russell,SEA,TE,25,15,0,0,0,0,0,0,0,0,0,0,0,0,0,0,0,0,0,RussBr00,2023
David Sills,DEN,WR,27,3,1,0,0,0,0,0,0,0,0,0,0,0,0,0,0,0,0,SillDa01,2023
Matthew Slater,NWE,WR,38,16,0,0,0,0,0,0,0,0,0,0,0,0,0,0,0,0,0,SlatMa00,2023
Tre'Quan Smith,DEN,WR,27,1,0,0,0,0,0,0,0,0,0,0,0,0,0,0,0,0,0,SmitTr03,2023
Matt Sokol,NWE,TE,28,3,1,0,0,0,0,0,0,0,0,0,0,0,0,0,0,0,0,SokoMa00,2023
SaRodorick Thompson,SEA,RB,24,1,0,0,0,0,0,0,0,0,0,0,0,0,0,0,0,0,0,ThomSa00,2023
Mitchell Tinsley,WAS,WR,24,2,0,0,0,0,0,0,0,0,0,0,0,0,0,0,0,0,0,TinsMi00,2023
Noah Togiai,PHI,TE,26,1,0,0,0,0,0,0,0,0,0,0,0,0,0,0,0,0,0,TogiNo00,2023
Kyle Trask,TAM,QB,25,2,0,0,0,0,1,-1,0,0,0,0,0,0,0,0,0,0,-1,TrasKy00,2023
DJ Turner,LVR,WR,26,10,0,0,0,0,0,0,0,0,0,0,0,0,0,0,0,0,0,TurnDJ00,2023
Xazavian Valladay,NYJ,RB,25,1,0,0,0,0,0,0,0,0,0,0,0,0,0,0,0,0,0,VallXa00,2023
Nick Vannett,LAC,TE,30,8,5,0,0,0,0,0,0,1,1,3,0,0,0,0,0,0,13,VannNi00,2023
Travis Vokolek,ARI,TE,25,2,0,0,0,0,0,0,0,0,0,0,0,0,0,0,0,0,0,VokoTr00,2023
Dwayne Washington,DEN,RB,29,13,0,0,0,0,0,0,0,0,0,0,0,0,0,0,0,0,0,WashDw00,2023
Montrell Washington,KAN,WR,24,6,0,0,0,0,0,0,0,0,0,0,0,2,0,0,0,0,0,WashMo00,2023
Blake Whiteheart,ARI,TE,23,2,0,0,0,0,0,0,0,0,0,0,0,0,0,0,0,0,0,WhitBl01,2023
Kristian Wilkerson,LVR,WR,26,2,1,0,0,0,0,0,0,0,0,0,0,0,0,0,0,0,0,WilkKr00,2023
Brayden Willis,SFO,TE,24,7,0,0,0,0,0,0,0,0,0,0,0,0,0,0,0,0,0,WillBr06,2023
Jonathan Williams,WAS,RB,29,1,0,0,0,0,1,-2,0,1,0,0,0,0,0,0,0,0,-2,WillJo07,2023
Rodney Williams,PIT,TE,25,13,0,0,0,0,0,0,0,2,0,0,0,0,0,0,0,0,0,WillRo08,2023
Juwann Winfree,IND,WR,27,8,1,0,0,0,0,0,0,1,0,0,0,0,0,0,0,0,0,WinfJu00,2023
Easop Winston,SEA,WR,27,1,0,0,0,0,0,0,0,0,0,0,0,0,0,0,0,0,0,WinsEa00,2023
Logan Woodside,ATL,QB,28,1,0,27,0,1,1,6,0,0,0,0,0,0,0,0,0,0,-3,WoodLo00,2023
Owen Wright,BAL,RB,24,1,0,0,0,0,0,0,0,0,0,0,0,0,0,0,0,0,0,WrigOw00,2023
Dareke Young,SEA,WR,24,6,0,0,0,0,0,0,0,0,0,0,0,0,0,0,0,0,0,YounDa02,2023
Kyle Allen,BUF,QB,27,7,0,0,0,0,13,-13,0,0,0,0,0,0,0,0,0,-10,-13,AlleKy00,2023
Deon Jackson,3TM,RB,24,4,1,0,0,0,14,16,0,6,5,14,0,2,2,0,0,-10,40,JackDe02,2023
David Wells,TAM,TE,28,5,0,0,0,0,0,0,0,2,2,-10,0,1,0,0,0,-10,10,WellDa00,2023
James Proche,CLE,WR,27,10,1,0,0,0,0,0,0,5,0,0,0,1,1,0,0,-20,-20,ProcJa00,2023
Trent Taylor,CHI,WR,29,17,0,0,0,0,1,-2,0,2,0,0,0,2,1,0,0,-20,-22,TaylTr02,2023
