name,team,position,age,games_played,games_started,passing_yards,passing_tds,interceptions,rushing_atts,rushing_yards,rushing_tds,targets,receptions,receiving_yards,receiving_tds,fumbles,fumbles_lost,two_point_conversions,two_point_conversions_passing,fantasy_points_standard,fantasy_points_ppr,player_id
Christian McCaffrey*+,SFO,RB,27,16,16,0,0,0,272,1459,14,83,67,564,7,3,2,,,324,391.3,McCaCh01
CeeDee Lamb*+,DAL,WR,24,17,17,0,0,0,14,113,2,181,135,1749,12,3,2,1,,268,403.2,LambCe00
Josh Allen,BUF,QB,27,17,17,4306,29,18,111,524,15,0,0,0,0,7,4,,3,393,392.6,AlleJo02
Tyreek Hill*+,MIA,WR,29,16,16,0,0,0,6,15,0,171,119,1799,13,1,1,,,257,376.4,HillTy00
Jalen Hurts*,PHI,QB,25,17,17,3858,23,15,157,605,15,0,0,0,0,9,5,,,357,356.8,HurtJa00
Raheem Mostert*,MIA,RB,31,15,15,0,0,0,209,1012,18,32,25,175,3,4,1,,,243,267.7,MostRa00
Amon-Ra St. Brown*+,DET,WR,24,16,16,0,0,0,4,24,0,164,119,1515,10,1,1,,,212,330.9,StxxAm00
Dak Prescott*,DAL,QB,30,17,17,4516,36,9,55,242,2,0,0,0,0,4,2,,2,343,342.8,PresDa01
Mike Evans*,TAM,WR,30,17,17,0,0,0,0,0,0,136,79,1255,13,0,0,,,204,282.5,EvanMi00
Lamar Jackson*+,BAL,QB,26,16,16,3678,24,7,148,821,5,0,0,0,0,11,6,,1,331,331.2,JackLa00
Sam LaPorta*,DET,TE,22,17,14,0,0,0,1,4,0,120,86,889,10,0,0,2,,153,239.3,LaPoSa01
Travis Etienne,JAX,RB,24,17,17,0,0,0,267,1008,11,73,58,476,1,0,0,2,,224,282.4,EtieTr00
Kyren Williams*,LAR,RB,23,12,11,0,0,0,228,1144,12,48,32,206,3,3,2,1,,223,255.0,WillKy02
Puka Nacua*,LAR,WR,22,17,17,0,0,0,12,89,0,160,105,1486,6,1,0,,,194,298.5,NacuPu00
D.J. Moore,CHI,WR,26,17,17,0,0,0,4,21,1,136,96,1364,8,1,1,,,191,286.5,MoorD.00
Derrick Henry*,TEN,RB,29,17,17,14,2,0,280,1167,12,36,28,214,0,0,0,,,219,246.7,HenrDe00
Joe Mixon,CIN,RB,27,17,17,0,0,0,257,1034,9,64,52,376,3,0,0,1,,215,267.0,MixoJo00
Jordan Love,GNB,QB,25,17,17,4159,32,11,50,247,4,0,0,0,0,9,3,,2,319,319.1,LoveJo03
Breece Hall,NYJ,RB,22,17,16,0,0,0,223,994,5,95,76,591,4,2,0,1,,215,290.5,HallBr03
A.J. Brown*,PHI,WR,26,17,17,0,0,0,0,0,0,158,106,1456,7,2,2,,,184,289.6,BrowAJ00
Deebo Samuel,SFO,WR,27,15,15,0,0,0,37,225,5,89,60,892,7,1,0,,,184,243.7,SamuDe00
George Kittle*+,SFO,TE,30,16,16,0,0,0,1,2,0,90,65,1020,6,0,0,,,138,203.2,KittGe00
Nico Collins,HOU,WR,24,15,10,0,0,0,1,7,0,109,80,1297,8,1,0,1,,180,260.4,CollNi00
Rachaad White,TAM,RB,24,17,17,0,0,0,272,990,6,70,64,549,3,3,2,,,204,267.9,WhitRa01
Brandon Aiyuk,SFO,WR,25,16,16,0,0,0,0,0,0,105,75,1342,7,1,1,,,174,249.2,AiyuBr00
Travis Kelce*,KAN,TE,34,15,15,0,0,0,0,0,0,121,93,984,5,1,1,,,126,219.4,KelcTr00
Keenan Allen*,LAC,WR,31,13,13,49,1,0,2,6,0,150,108,1243,7,2,1,,,171,278.9,AlleKe00
T.J. Hockenson,MIN,TE,26,15,11,0,0,0,0,0,0,127,95,960,5,1,1,,,124,219.0,HockTJ00
Stefon Diggs*,BUF,WR,30,17,17,0,0,0,1,5,0,160,107,1183,8,2,1,1,,167,273.8,DiggSt00
David Njoku*,CLE,TE,27,16,16,0,0,0,0,0,0,123,81,882,6,2,2,,,120,201.2,NjokDa00
Brock Purdy*,SFO,QB,24,16,16,4280,31,11,39,144,2,0,0,0,0,6,2,,,296,295.6,PurdBr00
David Montgomery,DET,RB,26,14,14,0,0,0,219,1015,13,24,16,117,0,2,1,1,,191,207.2,MontDa01
Ja'Marr Chase*,CIN,WR,23,16,16,-7,0,0,3,-6,0,145,100,1216,7,1,0,,,163,262.7,ChasJa00
Davante Adams,LVR,WR,31,17,17,0,0,0,0,0,0,175,103,1144,8,0,0,,,162,265.4,AdamDa01
Jahmyr Gibbs*,DET,RB,21,15,3,0,0,0,182,945,10,71,52,316,1,2,1,,,190,242.1,GibbJa01
Evan Engram*,JAX,TE,29,17,15,0,0,0,0,0,0,143,114,963,4,3,2,,,116,230.3,EngrEv00
James Cook*,BUF,RB,24,17,13,0,0,0,237,1122,2,54,44,445,4,4,2,,,189,232.7,CookJa01
Bijan Robinson,ATL,RB,21,17,16,0,0,0,214,976,4,86,58,487,4,4,3,,,188,246.3,RobiBi01
D.K. Metcalf*,SEA,WR,26,16,16,0,0,0,0,0,0,119,66,1114,8,0,0,,,159,225.4,MetcDK00
Jared Goff,DET,QB,29,17,17,4575,30,12,32,21,2,0,0,0,0,6,4,,2,289,289.1,GoffJa00
Taysom Hill,NOR,TE,33,16,7,83,1,0,81,401,4,40,33,291,2,1,1,,,111,143.5,HillTa00
Amari Cooper*,CLE,WR,29,15,15,0,0,0,0,0,0,128,72,1250,5,2,1,1,,155,227.0,CoopAm00
Saquon Barkley,NYG,RB,26,14,14,0,0,0,247,962,6,60,41,280,4,2,2,1,,182,223.2,BarkSa00
Calvin Ridley,JAX,WR,29,17,17,0,0,0,9,23,0,136,76,1016,8,1,0,1,,154,229.9,RidlCa00
Jayden Reed,GNB,WR,23,16,13,0,0,0,11,119,2,94,64,793,8,2,0,1,,153,217.2,ReedJa03
Cole Kmet,CHI,TE,24,17,17,0,0,0,3,2,0,90,73,719,6,1,0,,,108,181.1,KmetCo00
Jordan Addison,MIN,WR,21,17,14,0,0,0,1,2,0,108,70,911,10,0,0,,,151,221.3,AddiJo00
Jake Ferguson*,DAL,TE,24,17,16,0,0,0,0,0,0,102,71,761,5,0,0,,,106,177.1,FergJa00
DeAndre Hopkins,TEN,WR,31,17,16,0,0,0,2,9,0,137,75,1057,7,0,0,,,149,223.6,HopkDe00
Patrick Mahomes*,KAN,QB,28,16,16,4183,27,14,75,389,0,0,0,0,0,5,3,,,280,280.2,MahoPa00
Jakobi Meyers,LVR,WR,27,16,16,12,1,0,4,24,2,106,71,807,8,0,0,,,148,218.6,MeyeJa01
James Conner,ARI,RB,28,13,13,0,0,0,208,1040,7,33,27,165,2,0,0,,,175,201.5,ConnJa00
Gus Edwards,BAL,RB,28,17,9,0,0,0,198,810,13,13,12,180,0,3,2,1,,175,187.0,EdwaGu00
DeVonta Smith,PHI,WR,25,16,16,0,0,0,0,0,0,112,81,1066,7,1,1,,,147,227.6,SmitDe07
George Pickens,PIT,WR,22,17,16,0,0,0,3,18,0,106,63,1140,5,3,0,,,146,208.8,PickGe00
Trey McBride,ARI,TE,24,17,12,0,0,0,0,0,0,106,81,825,3,1,0,,,101,181.5,McBrTr01
Chris Olave,NOR,WR,23,16,11,0,0,0,0,0,0,138,87,1123,5,0,0,1,,144,231.3,OlavCh00
C.J. Stroud*,HOU,QB,22,15,15,4108,23,5,39,167,3,1,1,0,0,8,4,1,,275,276.0,StroCJ00
Kenneth Walker III,SEA,RB,23,15,15,0,0,0,219,905,8,37,29,259,1,1,0,,,170,199.4,WalkKe00
Baker Mayfield*,TAM,QB,28,17,17,4044,28,10,62,163,1,0,0,0,0,8,3,,2,274,274.1,MayfBa00
Isiah Pacheco,KAN,RB,24,14,13,0,0,0,205,935,7,49,44,244,2,1,1,,,170,213.9,PachIs00
Michael Pittman Jr.,IND,WR,26,16,15,0,0,0,0,0,0,156,109,1152,4,2,1,2,,141,250.2,PittMi01
Tony Pollard,DAL,RB,26,17,17,0,0,0,252,1005,6,67,55,311,0,3,1,1,,168,222.6,PollTo00
Jerome Ford,CLE,RB,24,17,12,0,0,0,204,813,4,63,44,319,5,1,1,1,,167,211.2,FordJe00
Najee Harris,PIT,RB,25,17,17,0,0,0,255,1035,8,38,29,170,0,2,1,,,167,195.5,HarrNa00
Tua Tagovailoa*,MIA,QB,25,17,17,4624,29,14,35,74,0,0,0,0,0,13,5,,,270,270.4,TagoTu00
Dalton Schultz,HOU,TE,27,15,8,0,0,0,0,0,0,88,59,635,5,1,1,,,92,150.5,SchuDa00
Mark Andrews,BAL,TE,28,10,9,0,0,0,1,0,0,61,45,544,6,1,0,,,90,135.4,AndrMa00
De'Von Achane,MIA,RB,22,11,4,0,0,0,103,800,8,37,27,197,3,1,1,,,164,190.7,AchaDe00
Justin Jefferson,MIN,WR,24,10,9,0,0,0,1,-12,0,100,68,1074,5,1,1,,,134,202.2,JeffJu00
Brian Robinson Jr.,WAS,RB,24,15,15,0,0,0,178,733,5,43,36,368,4,4,2,1,,162,198.1,RobiBr01
Rashee Rice,KAN,WR,23,16,8,0,0,0,1,-3,0,102,79,938,7,2,1,,,134,212.5,RiceRa01
D'Andre Swift*,PHI,RB,24,16,15,0,0,0,229,1049,5,49,39,214,1,3,1,,,160,199.3,SwifDA00
Courtland Sutton,DEN,WR,28,16,14,0,0,0,0,0,0,90,59,772,10,3,3,,,131,190.2,SuttCo00
Terry McLaurin,WAS,WR,28,17,17,0,0,0,0,0,0,132,79,1002,4,0,0,,,130,209.2,McLaTe00
Trevor Lawrence,JAX,QB,24,16,16,4016,21,14,70,339,4,0,0,0,0,12,7,,1,263,262.5,LawrTr00
Sam Howell,WAS,QB,23,17,17,3946,21,21,48,263,5,1,1,4,0,4,2,1,1,257,257.5,HoweSa00
Russell Wilson,DEN,QB,35,15,15,3070,26,8,80,341,3,0,0,0,0,10,5,,2,257,256.9,WilsRu00
Matthew Stafford*,LAR,QB,35,15,15,3965,24,11,21,65,0,0,0,0,0,0,0,1,1,243,243.1,StafMa00
Derek Carr,NOR,QB,32,17,17,3878,25,8,32,40,0,0,0,0,0,7,3,,2,241,241.1,CarrDe02
Justin Herbert,LAC,QB,25,13,13,3134,20,7,52,228,3,1,1,10,0,4,1,,1,233,234.2,HerbJu00
Justin Fields,CHI,QB,24,13,13,2562,16,9,124,657,4,0,0,0,0,10,4,,,230,230.2,FielJu00
Geno Smith*,SEA,QB,33,15,15,3624,20,9,37,155,1,1,1,-2,0,5,3,,2,226,227.3,SmitGe00
Joshua Dobbs,2TM,QB,28,13,12,2464,13,10,77,421,6,0,0,0,0,14,7,2,1,201,200.7,DobbJo00
Gardner Minshew II*,IND,QB,27,17,13,3305,15,9,34,100,3,0,0,0,0,8,5,,2,196,196.2,MinsGa00
Desmond Ridder,ATL,QB,24,15,13,2836,12,12,53,193,5,1,1,-6,0,12,7,,2,176,177.1,RiddDe00
Alvin Kamara,NOR,RB,28,13,12,0,0,0,180,694,5,86,75,466,1,0,0,3,,158,233.0,KamaAl00
Bryce Young,CAR,QB,22,16,16,2877,11,10,39,253,0,0,0,0,0,11,6,1,1,156,156.4,YounBr01
Kirk Cousins,MIN,QB,35,8,8,2331,18,5,14,25,0,0,0,0,0,7,4,,,150,149.7,CousKi00
Joe Burrow,CIN,QB,27,10,10,2309,15,6,31,88,0,0,0,0,0,2,1,,,147,147.2,BurrJo01
Kyler Murray,ARI,QB,26,8,8,1799,10,5,44,244,3,0,0,0,0,7,0,,1,146,146.4,MurrKy00
Chuba Hubbard,CAR,RB,24,17,12,0,0,0,238,902,5,44,39,233,0,1,0,,,144,182.5,HubbCh01
Josh Jacobs,LVR,RB,25,13,13,0,0,0,233,805,6,54,37,296,0,3,1,,,144,181.1,JacoJo01
Jake Browning,CIN,QB,27,9,7,1936,12,7,27,127,3,1,1,-7,0,3,0,,1,143,144.4,BrowJa08
Zack Moss,IND,RB,26,14,8,0,0,0,183,794,5,37,27,192,2,0,0,1,,143,169.6,MossZa00
Devin Singletary,HOU,RB,26,17,10,6,1,0,216,898,4,38,30,193,0,1,0,,,137,167.3,SingDe00
Jonathan Taylor,IND,RB,24,10,7,0,0,0,169,741,7,23,19,153,1,1,0,,,137,156.4,TaylJo02
Jaylen Warren,PIT,RB,25,17,0,0,0,0,149,784,4,74,61,370,0,4,2,,,135,196.4,WarrJa01
Austin Ekeler,LAC,RB,28,14,14,0,0,0,179,628,5,74,51,436,1,5,4,,,134,185.4,EkelAu00
Javonte Williams,DEN,RB,23,16,13,0,0,0,217,774,3,58,47,228,2,1,1,2,,132,179.2,WillJa10
Zay Flowers,BAL,WR,23,16,16,0,0,0,8,56,1,108,77,858,5,0,0,1,,129,206.4,FlowZa00
Adam Thielen,CAR,WR,33,17,17,0,0,0,1,6,0,137,103,1014,4,2,0,1,,128,231.0,ThieAd00
Jaylen Waddle,MIA,WR,25,14,14,0,0,0,3,12,0,104,72,1014,4,0,0,,,127,198.6,WaddJa00
Chris Godwin,TAM,WR,27,17,17,0,0,0,4,38,1,130,83,1024,2,0,0,1,,126,209.2,GodwCh00
Aidan O'Connell,LVR,QB,25,11,10,2218,12,7,17,11,1,0,0,0,0,4,2,,,126,125.8,OConAi00
Ezekiel Elliott,NWE,RB,28,17,5,0,0,0,184,642,3,65,51,313,2,2,1,,,124,174.5,ElliEz00
Tyler Lockett,SEA,WR,31,17,17,0,0,0,0,0,0,122,79,894,5,0,0,2,,123,202.4,LockTy00
Tyler Allgeier,ATL,RB,23,17,3,0,0,0,186,683,4,23,18,193,1,0,0,1,,120,137.6,AllgTy00
Zach Wilson,NYJ,QB,24,12,11,2271,8,7,36,211,0,0,0,0,0,11,7,1,1,120,119.9,WilsZa00
Brandin Cooks,DAL,WR,30,16,15,0,0,0,5,35,0,81,54,657,8,1,0,1,,119,173.2,CookBr00
Tank Dell,HOU,WR,24,11,8,0,0,0,11,51,0,75,47,709,7,1,0,,,118,165.0,DellNa00
Garrett Wilson,NYJ,WR,23,17,17,0,0,0,4,0,0,168,95,1042,3,2,2,,,118,213.2,WilsGa00
Gabriel Davis,BUF,WR,24,17,17,0,0,0,1,-2,0,81,45,746,7,1,1,1,,116,161.4,DaviGa01
Romeo Doubs,GNB,WR,23,17,16,0,0,0,0,0,0,96,59,674,8,1,0,,,115,174.4,DoubRo00
Kenny Pickett,PIT,QB,25,12,12,2070,6,4,42,54,1,0,0,0,0,2,0,,,110,110.2,PickKe00
Rashid Shaheed*+,NOR,WR,25,15,8,0,0,0,7,37,0,75,46,719,5,1,1,,,110,155.6,ShahRa00
Rhamondre Stevenson,NWE,RB,25,12,12,0,0,0,156,619,4,51,38,238,0,1,1,,,108,145.7,StevRh00
Mac Jones,NWE,QB,25,11,11,2120,10,12,26,96,0,0,0,0,0,3,2,,,106,106.4,JoneMa05
Aaron Jones,GNB,RB,29,11,11,0,0,0,142,656,2,43,30,233,1,2,1,,,105,134.9,JoneAa00
Cooper Kupp,LAR,WR,30,12,12,0,0,0,1,-3,0,95,59,737,5,0,0,1,,105,164.4,KuppCo00
Drake London,ATL,WR,22,16,16,22,0,0,0,0,0,110,69,905,2,0,0,1,,105,174.4,LondDr00
Kareem Hunt,CLE,RB,28,15,2,0,0,0,135,411,9,21,15,84,0,0,0,,,104,118.5,HuntKa00
Alexander Mattison,MIN,RB,25,16,13,0,0,0,180,700,0,44,30,192,3,3,2,,,103,133.2,MattAl01
Diontae Johnson,PIT,WR,27,13,11,0,0,0,0,0,0,87,51,717,5,1,0,,,102,152.7,JohnDi01
Will Levis,TEN,QB,24,9,9,1808,8,4,25,57,1,0,0,0,0,7,4,,1,102,102.0,LeviWi00
Tyjae Spears,TEN,RB,22,17,1,0,0,0,100,453,2,70,52,385,1,1,0,,,102,153.8,SpeaTy00
Joe Flacco,CLE,QB,38,5,5,1616,13,8,9,2,0,0,0,0,0,4,1,,1,101,100.8,FlacJo00
Darius Slayton,NYG,WR,26,17,13,0,0,0,0,0,0,79,50,770,4,0,0,,,101,151.0,SlayDa01
AJ Dillon,GNB,RB,25,15,6,0,0,0,178,613,2,28,22,223,0,0,0,,,96,117.6,DillAJ00
Tee Higgins,CIN,WR,24,12,11,0,0,0,0,0,0,76,42,656,5,0,0,,,96,137.6,HiggTe00
Curtis Samuel,WAS,WR,27,16,13,0,0,0,7,39,1,91,62,613,4,0,0,,,95,157.2,SamuCu00
Tommy DeVito,NYG,QB,25,9,6,1101,8,3,36,195,1,0,0,0,0,2,1,,,94,93.5,DeViTo00
Khalil Herbert,CHI,RB,25,12,9,0,0,0,132,611,2,31,20,134,1,1,1,1,,93,112.5,HerbKh00
Christian Kirk,JAX,WR,27,12,12,-1,0,0,1,6,0,85,57,787,3,2,2,,,93,150.3,KirkCh01
Josh Downs,IND,WR,22,17,9,0,0,0,0,0,0,98,68,771,2,0,0,,,89,157.1,DownJo00
Josh Reynolds,DET,WR,28,17,13,0,0,0,0,0,0,64,40,608,5,1,1,,,89,128.8,ReynJo00
Jerry Jeudy,DEN,WR,24,16,11,0,0,0,0,0,0,87,54,758,2,1,0,,,88,141.8,JeudJe00
Jaxon Smith-Njigba,SEA,WR,21,17,3,0,0,0,0,0,0,93,63,628,4,0,0,,,87,149.8,SmitJa06
Tyrod Taylor,NYG,QB,34,11,5,1341,5,3,38,197,0,0,0,0,0,4,0,,,87,87.3,TaylTy00
Deshaun Watson,CLE,QB,28,6,6,1115,7,4,26,142,1,0,0,0,0,5,2,3,,87,86.8,WatsDe00
Marquise Brown,ARI,WR,26,14,14,0,0,0,2,23,0,101,51,574,4,0,0,,,84,134.7,BrowMa04
Kyle Pitts,ATL,TE,23,17,15,0,0,0,1,-4,0,90,53,667,3,0,0,,,84,137.3,PittKy00
DJ Chark,CAR,WR,27,15,11,0,0,0,0,0,0,66,35,525,5,2,1,,,81,115.5,CharDJ00
Justice Hill,BAL,RB,26,16,5,0,0,0,84,387,3,39,28,206,1,1,1,,,81,109.3,HillJu00
Dontayvion Wicks,GNB,WR,22,15,6,14,0,0,1,1,0,58,39,581,4,3,1,,,81,119.8,WickDo00
Ty Chandler,MIN,RB,25,17,4,0,0,0,102,461,3,25,21,159,0,0,0,,,80,101.0,ChanTy01
D'Onta Foreman,CHI,RB,27,9,8,0,0,0,109,425,4,16,11,77,1,1,0,,,80,91.2,ForeDO00
Ryan Tannehill,TEN,QB,35,10,8,1616,4,7,17,74,1,1,0,0,0,4,0,,,80,80.0,TannRy00
Antonio Gibson,WAS,RB,25,16,2,0,0,0,65,265,1,59,48,389,2,4,2,,,79,127.4,GibsAn00
Tyler Boyd,CIN,WR,29,17,13,0,0,1,2,11,0,98,67,667,2,0,0,,,78,144.8,BoydTy00
Hunter Henry,NWE,TE,29,14,10,0,0,0,0,0,0,61,42,419,6,1,0,,,78,119.9,HenrHu00
Dallas Goedert,PHI,TE,28,14,14,0,0,0,1,1,0,83,59,592,3,0,0,,,77,136.3,GoedDa00
Dalton Kincaid,BUF,TE,24,16,11,0,0,0,0,0,0,91,73,673,2,1,1,,,77,150.3,KincDa00
Michael Wilson,ARI,WR,23,13,12,0,0,0,0,0,0,58,38,565,3,0,0,1,,77,114.5,WilsMi02
Jahan Dotson,WAS,WR,23,17,16,0,0,0,0,0,0,83,49,518,4,0,0,,,76,124.8,DotsJa00
Rico Dowdle,DAL,RB,25,16,0,0,0,0,89,361,2,22,17,144,2,0,0,,,75,91.5,DowdRi01
Jaleel McLaughlin,DEN,RB,23,17,3,0,0,0,76,410,1,36,31,160,2,0,0,,,75,106.0,McLaJa00
Khalil Shakir,BUF,WR,23,17,10,0,0,0,1,10,0,45,39,611,2,1,0,,,74,113.1,ShakKh00
Jonnu Smith,ATL,TE,28,17,6,0,0,0,1,0,0,70,50,582,3,1,1,,,74,124.2,SmitJo01
Tutu Atwell,LAR,WR,24,16,14,0,0,0,5,31,0,67,39,483,3,0,0,1,1,73,112.4,AtweTu00
Odell Beckham Jr.,BAL,WR,31,14,6,0,0,0,0,0,0,64,35,565,3,1,1,,,73,107.5,BeckOd00
Zach Charbonnet,SEA,RB,22,16,2,0,0,0,108,462,1,40,33,209,0,0,0,,,73,106.1,CharZa00
Elijah Moore,CLE,WR,23,17,12,0,0,0,9,11,0,104,59,640,2,2,2,,,73,132.1,MoorEl00
Anthony Richardson,IND,QB,21,4,4,577,3,1,25,136,4,0,0,0,0,3,1,,2,73,72.7,RichAn03
Wan'Dale Robinson,NYG,WR,22,15,8,0,0,0,9,87,1,78,60,525,1,0,0,,,73,133.2,RobiWa01
Christian Watson,GNB,WR,24,9,9,0,0,0,4,11,0,53,28,422,5,0,0,,,73,101.3,WatsCh00
K.J. Osborn,MIN,WR,26,16,12,0,0,0,0,0,0,75,48,540,3,1,0,,,72,120.0,OsboKJ00
Logan Thomas,WAS,TE,32,16,15,0,0,0,1,2,0,78,55,496,4,2,2,1,,72,126.8,ThomLo00
Isaiah Likely,BAL,TE,23,17,8,0,0,0,0,0,0,40,30,411,5,0,0,,,71,101.1,LikeIs00
Samaje Perine,DEN,RB,28,17,1,0,0,0,53,238,1,56,50,455,0,3,2,,,71,121.3,PeriSa00
Cade Otton,TAM,TE,24,17,17,0,0,0,0,0,0,67,47,455,4,1,1,1,,70,116.5,OttoCa00
Dameon Pierce,HOU,RB,23,14,7,0,0,0,145,416,2,17,13,101,0,0,0,,,70,82.7,PierDa01
Noah Brown,HOU,WR,27,10,7,0,0,0,1,-1,0,55,33,567,2,0,0,,,69,101.6,BrowNo00
Josh Palmer,LAC,WR,24,10,6,0,0,0,1,6,0,61,38,581,2,1,1,,,69,106.7,PalmJo00
Bailey Zappe,NWE,QB,24,10,6,1272,6,9,17,83,1,0,0,0,0,2,1,,,69,69.2,ZappBa00
Roschon Johnson,CHI,RB,22,15,0,0,0,0,81,352,2,40,34,209,0,1,0,,,68,102.1,JohnRo07
Easton Stick,LAC,QB,28,5,4,1129,3,1,27,144,1,0,0,0,0,5,4,,,68,67.6,SticEa00
Kenneth Gainwell,PHI,RB,24,16,2,17,0,0,84,364,2,37,30,183,0,3,1,1,,67,97.4,GainKe00
Nick Mullens,MIN,QB,28,5,3,1306,7,8,10,25,0,0,0,0,0,2,0,,,67,66.7,MullNi00
Taylor Heinicke,ATL,QB,30,5,4,890,5,4,15,124,1,0,0,0,0,1,0,,,66,66.0,HeinTa00
Latavius Murray,BUF,RB,33,16,4,0,0,0,79,300,4,22,17,119,0,1,0,,,66,82.9,MurrLa00
Rondale Moore,ARI,WR,23,17,8,0,0,0,28,178,1,62,40,352,1,1,0,,,65,105.0,MoorRo02
Jimmy Garoppolo,LVR,QB,32,7,6,1205,7,9,20,39,0,0,0,0,0,1,0,,1,64,64.1,GaroJi00
Kendrick Bourne,NWE,WR,28,8,5,0,0,0,1,4,0,55,37,406,4,1,1,,,63,100.0,BourKe00
Alec Pierce,IND,WR,23,17,16,0,0,0,0,0,0,65,32,514,2,0,0,,,63,95.4,PierAl00
Nelson Agholor,BAL,WR,30,17,3,0,0,0,0,0,0,45,35,381,4,1,0,,,62,97.1,AghoNe00
Tyler Conklin,NYJ,TE,28,17,12,0,0,0,1,0,0,87,61,621,0,0,0,,,62,123.1,ConkTy00
Tyler Higbee,LAR,TE,30,15,15,0,0,0,0,0,0,70,47,495,2,0,0,,,62,108.5,HigbTy00
Kalif Raymond,DET,WR,29,17,3,0,0,0,7,75,0,44,35,489,1,1,0,,,62,97.4,RaymKa00
Justin Watson,KAN,WR,28,16,8,0,0,0,0,0,0,53,27,460,3,1,1,,,62,89.0,WatsJu01
Juwan Johnson,NOR,TE,27,13,11,0,0,0,0,0,0,59,37,368,4,0,0,,,61,97.8,JohnJu02
Keaton Mitchell,BAL,RB,21,8,2,0,0,0,47,396,2,11,9,93,0,0,0,,,61,69.9,MitcKe01
Demarcus Robinson,LAR,WR,29,16,4,0,0,0,1,23,0,39,26,371,4,2,1,,,61,87.4,RobiDe01
Miles Sanders,CAR,RB,26,16,5,0,0,0,129,432,1,41,27,154,0,2,2,,,61,87.6,SandMi01
Darren Waller,NYG,TE,31,12,11,0,0,0,0,0,0,74,52,552,1,0,0,,,61,113.2,WallDa01
Gerald Everett,LAC,TE,29,15,12,0,0,0,3,10,0,70,51,411,3,3,0,,,60,111.1,EverGe00
Jerick McKinnon,KAN,RB,31,12,0,4,1,0,21,60,1,32,25,192,4,0,0,,,59,84.4,McKiJe00
Chigoziem Okonkwo,TEN,TE,24,17,11,0,0,0,2,6,0,77,54,528,1,0,0,,,59,113.4,OkonCh00
Zamir White,LVR,RB,24,17,4,0,0,0,104,451,1,19,15,98,0,1,1,,,59,73.9,WhitZa01
Demario Douglas,NWE,WR,23,14,7,0,0,0,8,41,0,79,49,561,0,3,1,,,58,107.2,DougDe00
Daniel Jones,NYG,QB,26,6,6,909,2,6,40,206,1,0,0,0,0,4,1,,,57,57.0,JoneDa05
Trey Palmer,TAM,WR,22,17,8,0,0,0,3,22,0,68,39,385,3,3,1,,,57,95.7,PalmTr00
Nick Westbrook-Ikhine,TEN,WR,26,14,9,0,0,0,0,0,0,45,28,370,3,0,0,1,,57,85.0,WestNi00
Quentin Johnston,LAC,WR,22,17,10,0,0,0,3,9,0,67,38,431,2,0,0,,,56,94.0,JohnQu02
Jameson Williams,DET,WR,22,12,10,0,0,0,3,29,1,42,24,354,2,1,0,,,56,80.3,WillJa11
Michael Gallup,DAL,WR,27,17,13,0,0,0,0,0,0,57,34,418,2,0,0,,,54,87.8,GallMi00
Brandon Johnson,DEN,WR,25,13,2,0,0,0,0,0,0,30,19,284,4,0,0,1,,54,73.4,JohnBr23
Joshua Kelley,LAC,RB,26,17,3,0,0,0,107,405,2,12,8,32,0,1,1,,,54,61.7,KellJo01
Tyson Bagent,CHI,QB,23,5,4,859,3,6,23,109,2,0,0,0,0,3,2,,,53,53.3,BageTy00
Clyde Edwards-Helaire,KAN,RB,24,15,3,0,0,0,70,223,1,22,17,188,1,0,0,,,53,70.1,EdwaCl00
Donald Parham,LAC,TE,26,14,8,0,0,0,0,0,0,41,27,285,4,0,0,,,53,79.5,ParhDo00
Tre Tucker,LVR,WR,22,16,1,0,0,0,10,77,0,34,19,331,2,0,0,,,53,71.8,TuckTr00
Emari Demercado,ARI,RB,24,14,2,0,0,0,58,284,2,30,21,119,0,0,0,,,52,73.3,DemeEm00
Michael Thomas,NOR,WR,30,10,7,0,0,0,0,0,0,64,39,448,1,0,0,,,51,89.8,ThomMi05
Marvin Mims*,DEN,WR,21,16,7,0,0,0,9,30,0,33,22,377,1,2,2,,,49,70.7,MimsMa00
A.T. Perry,NOR,WR,24,10,3,0,0,0,0,0,0,18,12,246,4,0,0,,,49,60.6,PerrAT00
Mitchell Trubisky,PIT,QB,29,5,2,632,4,5,16,54,2,0,0,0,0,1,1,,1,49,48.7,TrubMi00
Robert Woods,HOU,WR,31,14,11,0,0,0,1,7,0,75,40,426,1,0,0,,,49,89.3,WoodRo02
Tucker Kraft,GNB,TE,23,17,8,0,0,0,0,0,0,40,31,355,2,0,0,,,48,78.5,KrafTu00
Darnell Mooney,CHI,WR,26,15,14,0,0,0,2,5,0,61,31,414,1,0,0,,,48,78.9,MoonDa00
KaVontae Turpin,DAL,WR,27,16,0,0,0,0,11,110,1,18,12,127,3,1,0,,,48,59.7,TurpKa00
Cedrick Wilson Jr.,MIA,WR,28,15,3,0,0,0,0,0,0,38,22,296,3,0,0,,,48,69.6,WilsCe01
Chris Moore,TEN,WR,30,17,5,0,0,0,2,39,0,35,22,424,0,1,0,,,46,68.3,MoorCh00
Rashod Bateman,BAL,WR,24,16,12,0,0,0,1,18,0,56,32,367,1,0,0,,,45,76.5,BateRa00
Royce Freeman,LAR,RB,27,14,0,0,0,0,77,319,2,2,1,13,0,0,0,,,45,46.2,FreeRo00
Pat Freiermuth,PIT,TE,25,12,9,0,0,0,0,0,0,47,32,308,2,0,0,1,,45,76.8,FreiPa00
Zay Jones,JAX,WR,28,9,7,0,0,0,0,0,0,64,34,321,2,0,0,,,44,78.1,JoneZa00
Michael Mayer,LVR,TE,22,14,12,0,0,0,0,0,0,40,27,304,2,0,0,1,,44,71.4,MayeMi00
Kylen Granson,IND,TE,25,15,7,0,0,0,1,2,0,50,30,368,1,0,0,,,43,73.0,GranKy00
Noah Gray,KAN,TE,24,17,10,0,0,0,1,1,0,41,28,305,2,0,0,,,43,70.6,GrayNo00
Jamaal Williams,NOR,RB,28,13,4,0,0,0,106,306,1,20,18,62,0,1,0,,,43,60.8,WillJa06
Jordan Mason,SFO,RB,24,17,0,0,0,0,40,206,3,4,3,31,0,0,0,,,42,44.7,MasoJo00
Jonathan Mingo,CAR,WR,22,15,14,0,0,0,0,0,0,85,43,418,0,1,0,,,42,84.8,MingJo00
Elijah Mitchell,SFO,RB,25,11,1,0,0,0,75,281,2,8,6,14,0,0,0,,,42,47.5,MitcEl00
Greg Dortch,ARI,WR,25,16,4,0,0,0,1,5,0,41,24,280,2,0,0,,,41,64.5,DortGr01
Noah Fant,SEA,TE,26,17,17,0,0,0,0,0,0,43,32,414,0,0,0,,,41,73.4,FantNo00
Tanner Hudson,CIN,TE,29,12,1,0,0,0,0,0,0,50,39,352,1,0,0,,,41,80.2,HudsTa00
Luke Musgrave,GNB,TE,23,11,9,0,0,0,0,0,0,46,34,352,1,0,0,,,41,75.2,MusgLu00
Chase Brown,CIN,RB,23,12,0,0,0,0,44,179,0,15,14,156,1,1,0,,,40,53.5,BrowCh10
Mason Rudolph,PIT,QB,28,4,3,719,3,0,10,8,0,0,0,0,0,3,1,,,40,39.6,RudoMa00
Isaiah Hodgins,NYG,WR,25,17,9,0,0,0,0,0,0,33,21,230,3,1,1,,,39,60.0,HodgIs00
DeVante Parker,NWE,WR,30,13,13,0,0,0,0,0,0,55,33,394,0,0,0,,,39,72.4,ParkDe01
Jake Bobo,SEA,WR,25,17,0,0,0,0,1,3,1,25,19,196,2,0,0,,,38,56.9,BoboJa00
Xavier Gipson,NYJ,WR,22,17,3,0,0,0,8,68,1,38,21,229,0,5,2,,,38,58.7,GipsXa00
Trenton Irwin,CIN,WR,28,16,5,0,0,0,0,0,0,32,25,316,1,2,0,,,38,62.6,IrwiTr00
Brandon Powell,MIN,WR,28,17,2,0,0,0,5,17,0,44,29,324,1,1,1,,,38,67.1,PoweBr00
Pierre Strong,CLE,RB,25,17,1,0,0,0,63,291,1,8,5,47,0,1,1,,,38,42.8,StroPi00
Adam Trautman,DEN,TE,26,17,12,0,0,0,0,0,0,35,22,204,3,0,0,,,38,60.4,TrauAd00
Jalin Hyatt,NYG,WR,22,17,7,0,0,0,0,0,0,40,23,373,0,1,0,,,37,60.3,HyatJa00
Allen Lazard,NYJ,WR,28,14,12,0,0,0,0,0,0,49,23,311,1,0,0,,,37,60.1,LazaAl00
Colby Parkinson,SEA,TE,24,17,1,0,0,0,0,0,0,34,25,247,2,0,0,,,37,61.7,ParkCo02
Durham Smythe,MIA,TE,28,16,14,0,0,0,0,0,0,43,35,366,0,0,0,,,37,71.6,SmytDu00
Jalen Tolbert,DAL,WR,24,17,6,0,0,0,0,0,0,36,22,268,2,1,1,,,37,58.8,TolbJa00
Tommy Tremble,CAR,TE,23,16,8,0,0,0,0,0,0,32,23,194,3,0,0,,,37,60.4,TremTo00
Cam Akers,2TM,RB,24,7,1,0,0,0,60,167,2,12,11,70,0,0,0,,,36,46.7,AkerCa00
Mo Alie-Cox,IND,TE,30,17,7,0,0,0,0,0,0,22,13,161,3,0,0,1,,36,49.1,AlieMo00
Calvin Austin,PIT,WR,24,17,1,0,0,0,11,57,1,30,17,180,1,2,0,,,36,52.7,AustCa00
Mike Gesicki,NWE,TE,28,17,10,0,0,0,0,0,0,45,29,244,2,0,0,,,36,65.4,GesiMi00
Andrei Iosivas,CIN,WR,24,16,1,0,0,0,0,0,0,25,15,116,4,0,0,,,36,50.6,IosiAn00
Chris Rodriguez,WAS,RB,23,13,0,0,0,0,51,247,2,2,2,12,0,1,1,,,36,37.9,RodrCh00
Marquez Valdes-Scantling,KAN,WR,29,16,10,0,0,0,0,0,0,42,21,315,1,1,1,,,36,56.5,ValdMa00
David Bell,CLE,WR,23,15,3,0,0,0,0,0,0,23,14,167,3,0,0,,,35,48.7,BellDa02
Michael Carter,2TM,RB,24,15,0,0,0,0,30,187,0,31,24,101,1,0,0,,,35,58.8,CartMi03
Darrell Henderson,LAR,RB,26,4,4,0,0,0,46,112,2,14,10,103,0,0,0,,,34,43.5,HendDa00
Lil'Jordan Humphrey,DEN,WR,25,17,8,0,0,0,0,0,0,19,13,162,3,0,0,,,34,47.2,HumpLi01
Brevin Jordan,HOU,TE,23,14,6,0,0,0,0,0,0,21,17,219,2,0,0,,,34,50.9,JordBr00
Jauan Jennings,SFO,WR,26,13,2,0,0,0,0,0,0,33,19,265,1,0,0,,,33,51.5,JennJa00
Dawson Knox,BUF,TE,27,12,11,0,0,0,0,0,0,36,22,186,2,0,0,1,,33,54.6,KnoxDa00
Kendre Miller,NOR,RB,21,8,0,0,0,0,41,156,1,11,10,117,0,0,0,,,33,43.3,MillKe01
Skyy Moore,KAN,WR,23,14,8,0,0,0,3,23,0,38,21,244,1,0,0,,,33,53.7,MoorSk01
JuJu Smith-Schuster,NWE,WR,27,11,7,0,0,0,0,0,0,47,29,260,1,0,0,,,32,61.0,SmitJu00
Braxton Berrios,MIA,WR,28,16,1,0,0,0,1,11,0,33,27,238,1,1,0,,,31,57.9,BerrBr00
Josh Oliver,MIN,TE,26,17,14,0,0,0,0,0,0,28,22,213,2,1,1,,,31,53.3,OlivJo00
Mike Williams,LAC,WR,29,3,3,0,0,0,1,3,0,26,19,249,1,0,0,,,31,50.2,WillMi07
Matt Breida,NYG,RB,28,17,4,0,0,0,55,151,1,21,17,88,0,1,0,,,30,46.9,BreiMa00
Bo Melton,GNB,WR,24,5,1,0,0,0,3,21,0,24,16,218,1,0,0,,,30,45.9,MeltBo00
Alex Erickson,LAC,WR,31,8,3,0,0,0,0,0,0,29,16,232,1,0,0,,,29,45.2,EricAl01
Drew Lock,SEA,QB,27,4,2,543,3,3,5,14,0,0,0,0,0,0,0,,,29,29.1,LockDr00
Andrew Beck,HOU,FB,27,15,12,0,0,0,5,3,1,13,11,55,2,1,1,,,28,38.8,BeckAn01
Jimmy Graham,NOR,TE,37,13,2,0,0,0,0,0,0,7,6,39,4,0,0,,,28,33.9,GrahJi00
Scott Miller,ATL,WR,26,17,0,0,0,0,0,0,0,16,11,161,2,0,0,,,28,39.1,MillSc01
Cordarrelle Patterson,ATL,RB,32,14,0,0,0,0,50,181,0,12,9,38,1,1,0,,,28,36.9,PattCo00
Allen Robinson,PIT,WR,30,17,17,0,0,0,0,0,0,49,34,280,0,0,0,,,28,62.0,RobiAl02
Drew Sample,CIN,TE,27,17,10,0,0,0,0,0,0,27,22,163,2,0,0,,,28,50.3,SampDr00
Olamide Zaccheaus,PHI,WR,26,17,1,0,0,0,0,0,0,20,10,164,2,0,0,,,28,38.4,ZaccOl01
Salvon Ahmed,MIA,RB,25,8,0,0,0,0,22,61,1,23,16,88,1,0,0,,,27,42.9,AhmeSa01
Andrew Ogletree,IND,TE,25,12,9,0,0,0,0,0,0,21,9,147,2,0,0,,,27,35.7,OgleAn00
Trevor Siemian,NYJ,QB,32,5,3,724,2,4,11,40,0,0,0,0,0,5,3,,,27,27.0,SiemTr00
Jarrett Stidham,DEN,QB,27,3,2,496,2,1,9,8,0,0,0,0,0,1,0,,,27,26.6,StidJa00
Jeff Wilson,MIA,RB,28,10,0,0,0,0,41,188,0,17,14,85,0,0,0,,,27,41.3,WilsJe01
Jamal Agnew,JAX,WR,28,11,1,0,0,0,4,-2,0,21,14,225,1,1,1,,,26,40.3,AgneJa00
Daniel Bellinger,NYG,TE,23,17,13,0,0,0,0,0,0,28,25,255,0,0,0,,,26,50.5,BellDa00
Chase Edmonds,TAM,RB,27,13,0,0,0,0,49,176,0,17,14,81,0,0,0,,,26,39.7,EdmoCh00
Tyler Huntley,BAL,QB,25,5,1,203,3,0,15,55,0,0,0,0,0,0,0,,,26,25.6,HuntTy01
Kadarius Toney,KAN,WR,24,13,2,0,0,0,11,31,0,38,27,169,1,1,0,,,26,53.0,ToneKa00
Carson Wentz,LAR,QB,31,2,1,163,2,1,17,56,1,0,0,0,0,0,0,,1,26,26.1,WentCa00
Ronnie Bell,SFO,WR,23,17,0,0,0,0,0,0,0,13,6,68,3,1,0,,,25,30.8,BellRo01
Pharaoh Brown,NWE,TE,29,17,11,0,0,0,0,0,0,15,13,208,1,1,1,,,25,37.8,BrowPh01
Harrison Bryant,CLE,TE,25,17,9,0,0,0,5,8,0,20,13,81,3,1,1,,,25,37.9,BryaHa00
Dalvin Cook,NYJ,RB,28,15,1,0,0,0,67,214,0,20,15,78,0,2,2,,,25,40.2,CookDa01
Zach Ertz,ARI,TE,33,7,7,0,0,0,0,0,0,43,27,187,1,0,0,,,25,51.7,ErtzZa00
Deonte Harty,BUF,WR,26,16,1,0,0,0,4,0,0,21,15,150,1,2,1,,,25,40.0,HarrDe07
Mack Hollins,ATL,WR,30,13,3,0,0,0,0,0,0,30,18,251,0,0,0,,,25,43.1,HollMa00
D'Ernest Johnson,JAX,RB,27,17,0,0,0,0,41,108,0,12,10,140,0,0,0,,,25,34.8,JohnDE04
Ty Johnson,BUF,RB,26,10,0,0,0,0,30,132,0,7,7,62,1,1,0,,,25,32.4,JohnTy02
Julio Jones,PHI,WR,34,11,4,0,0,0,0,0,0,19,11,74,3,0,0,,,25,36.4,JoneJu02
Tony Jones,2TM,RB,26,7,1,0,0,0,26,95,2,10,7,37,0,0,0,,,25,32.2,JoneTo04
Kyle Juszczyk*+,SFO,FB,32,17,16,0,0,0,5,6,0,17,14,119,2,0,0,,,25,38.5,JuszKy00
Foster Moreau,NOR,TE,26,15,10,0,0,0,0,0,0,25,21,193,1,0,0,,,25,46.3,MoreFo00
Craig Reynolds,DET,RB,27,17,0,0,0,0,41,179,1,5,5,47,0,2,2,,,25,29.6,ReynCr00
Ihmir Smith-Marsette,CAR,WR,24,17,0,0,0,0,8,74,1,10,8,51,0,2,0,,,25,32.5,SmitIh00
Treylon Burks,TEN,WR,23,11,9,0,0,0,5,18,0,30,16,221,0,0,0,,,24,39.9,BurkTr00
Andy Dalton,CAR,QB,36,3,1,361,2,0,3,12,0,0,0,0,0,0,0,,,24,23.6,DaltAn00
Hayden Hurst,CAR,TE,30,9,8,0,0,0,0,0,0,32,18,184,1,0,0,,,24,42.4,HursHa00
Hunter Renfrow,LVR,WR,28,17,3,0,0,0,0,0,0,37,25,255,0,1,1,,,24,48.5,RenfHu00
Jacoby Brissett,WAS,QB,31,3,0,224,3,0,3,19,0,0,0,0,0,0,0,,,23,22.9,BrisJa00
Dyami Brown,WAS,WR,24,17,1,4,0,0,1,0,0,23,12,168,1,0,0,,,23,35.0,BrowDy00
Sam Darnold,SFO,QB,26,10,1,297,2,1,21,15,1,0,0,0,0,3,1,,,23,23.4,DarnSa00
Will Dissly,SEA,TE,27,16,14,0,0,0,0,0,0,22,17,172,1,0,0,,,23,40.2,DissWi00
Darrynton Evans,2TM,RB,25,7,0,0,0,0,32,121,1,12,7,49,0,0,0,,,23,30.0,EvanDa02
KhaDarel Hodge,ATL,WR,28,17,4,0,0,0,1,0,0,23,14,232,0,1,0,,,23,37.2,HodgKh00
Austin Hooper,LVR,TE,29,17,9,0,0,0,0,0,0,31,25,234,0,0,0,,,23,48.4,HoopAu00
Johnny Mundt,MIN,TE,29,17,0,0,0,0,0,0,0,23,17,172,1,0,0,,,23,40.2,MundJo00
Cedric Tillman,CLE,WR,23,14,3,0,0,0,1,8,0,44,21,224,0,0,0,,,23,44.2,TillCe01
Parker Washington,JAX,WR,21,9,1,0,0,0,0,0,0,21,16,132,2,2,1,,,23,39.2,WashPa01
Ameer Abdullah,LVR,RB,30,17,0,0,0,0,15,89,0,24,19,131,0,0,0,,,22,41.0,AbduAm00
Tank Bigsby,JAX,RB,22,17,0,0,0,0,50,132,2,4,1,6,0,2,2,,,22,22.8,BigsTa00
Elijah Higgins,ARI,TE,23,11,2,0,0,0,0,0,0,19,14,163,1,0,0,,,22,36.3,HiggEl00
Jalen Reagor,NWE,WR,24,11,1,0,0,0,1,17,0,23,7,138,0,0,0,,,22,28.5,ReagJa00
Stone Smartt,LAC,TE,25,16,3,0,0,0,0,0,0,21,11,155,1,0,0,,,22,32.5,SmarSt00
Dorian Thompson-Robinson,CLE,QB,24,8,3,440,1,4,14,65,0,0,0,0,0,2,0,1,,22,22.1,ThomDo02
C.J. Beathard,JAX,QB,30,7,1,349,1,0,8,35,0,0,0,0,0,1,0,,,21,21.5,BeatC.00
Derius Davis,LAC,WR,23,17,2,0,0,0,14,101,0,17,15,66,0,3,1,,,21,35.7,DaviDe02
Van Jefferson,2TM,WR,27,17,9,0,0,0,1,4,0,43,20,209,0,0,0,,,21,41.3,JeffVa00
Will Mallory,IND,TE,24,12,2,0,0,0,0,0,0,26,18,207,0,1,0,,,21,38.7,MallWi00
Jamison Crowder,WAS,WR,30,17,0,0,0,0,0,0,0,20,16,159,1,2,1,,,20,35.9,CrowJa00
P.J. Walker,CLE,QB,28,6,2,674,1,5,13,30,0,0,0,0,0,4,2,,,20,20.0,WalkPh00
Quez Watkins,PHI,WR,25,9,5,0,0,0,0,0,0,21,15,142,1,0,0,,,20,35.2,WatkQu00
Robbie Chosen,MIA,WR,30,9,0,0,0,0,0,0,0,6,4,126,1,0,0,,,19,22.6,AndeRo04
Nick Chubb,CLE,RB,28,2,2,0,0,0,28,170,0,4,4,21,0,0,0,,,19,23.1,ChubNi00
Malik Heath,GNB,WR,23,13,1,0,0,0,0,0,0,24,15,125,1,0,0,,,19,33.5,HeatMa00
Luke Schoonmaker,DAL,TE,25,17,0,0,0,0,0,0,0,15,8,65,2,0,0,,,19,26.5,SchoLu00
Tyler Scott,CHI,WR,22,17,4,0,0,0,7,41,0,32,17,168,0,1,1,,,19,35.9,ScotTy00
Patrick Taylor,GNB,RB,25,11,0,0,0,0,32,141,0,17,11,49,0,0,0,,,19,30.0,TaylPa01
River Cracraft,MIA,WR,29,10,1,0,0,0,0,0,0,12,9,121,1,0,0,,,18,27.1,CracRi00
Kevin Harris,NWE,RB,23,4,0,0,0,0,16,65,1,3,3,58,0,0,0,,,18,21.3,HarrKe01
Davis Mills,HOU,QB,25,6,0,173,2,0,2,9,0,0,0,0,0,0,0,,1,18,17.8,MillDa02
Deven Thompkins,TAM,WR,24,17,1,0,0,0,8,56,0,25,17,83,1,3,1,,,18,34.9,ThomDe07
Melvin Gordon,BAL,RB,30,4,0,0,0,0,26,81,1,3,3,46,0,1,1,,,17,19.7,GordMe00
Damien Harris,BUF,RB,26,6,0,0,0,0,23,94,1,2,2,16,0,0,0,,,17,19.0,HarrDa06
Connor Heyward,PIT,TE,24,17,7,0,0,0,1,0,0,34,23,167,0,0,0,,,17,39.7,HeywCo00
Ray-Ray McCloud,SFO,WR,27,12,1,0,0,0,3,30,0,15,12,135,0,1,0,,,17,28.5,McClRa00
MyCole Pruitt,ATL,TE,31,17,8,0,0,0,0,0,0,12,9,110,1,1,0,,,17,26.0,PruiMy00
Trey Sermon,IND,RB,24,14,0,0,0,0,35,160,0,6,3,13,0,0,0,,,17,20.3,SermTr00
Davis Allen,LAR,TE,22,15,1,0,0,0,0,0,0,11,10,95,1,0,0,,,16,25.5,AlleDa02
Luke Farrell,JAX,TE,26,17,8,0,0,0,0,0,0,15,13,155,0,0,0,,,16,28.5,FarrLu00
Lucas Krull,DEN,TE,25,7,2,0,0,0,0,0,0,14,8,95,1,0,0,,,16,23.5,KrulLu00
John Metchie,HOU,WR,23,16,0,0,0,0,1,4,0,30,16,158,0,0,0,,,16,32.2,MetcJo00
Donovan Peoples-Jones,2TM,WR,24,15,6,0,0,0,0,0,0,25,13,155,0,1,0,,,16,28.5,PeopDo00
Kyle Philips,TEN,WR,24,9,0,0,0,0,0,0,0,22,15,181,0,1,1,,,16,31.1,PhilKy01
Irv Smith Jr.,CIN,TE,25,12,6,0,0,0,0,0,0,26,18,115,1,1,1,,,16,33.5,SmitIr01
John Bates,WAS,TE,26,17,4,0,0,0,0,0,0,28,19,151,0,0,0,,,15,34.1,BateJo00
Jalen Guyton,LAC,WR,26,8,3,0,0,0,0,0,0,21,10,89,1,0,0,,,15,24.9,GuytJa01
Charlie Kolar,BAL,TE,24,15,3,0,0,0,0,0,0,9,7,87,1,0,0,,,15,21.7,KolaCh00
David Moore,TAM,WR,28,7,0,0,0,0,0,0,0,7,5,94,1,0,0,,,15,20.4,MoorDa03
Ronnie Rivers,LAR,RB,24,9,1,0,0,0,32,129,0,5,5,22,0,0,0,,,15,20.1,RiveRo01
Jeremy Ruckert,NYJ,TE,23,15,6,0,0,0,0,0,0,22,16,151,0,0,0,,,15,31.1,RuckJe00
Trent Sherfield,BUF,WR,27,17,1,0,0,0,0,0,0,22,11,86,1,0,0,,,15,25.6,SherTr00
Josh Whyle,TEN,TE,24,11,3,0,0,0,0,0,0,15,9,94,1,0,0,,,15,24.4,WhylJo01
Brock Wright,DET,TE,25,14,4,0,0,0,0,0,0,14,13,91,1,0,0,,,15,28.1,WrigBr01
Chase Claypool,2TM,WR,25,12,2,0,0,0,0,0,0,21,8,77,1,0,0,,,14,21.7,ClayCh01
Jeff Driskel,CLE,QB,30,1,1,166,2,2,7,33,0,0,0,0,0,0,0,,,14,13.9,DrisJe00
Xavier Hutchinson,HOU,WR,23,16,0,0,0,0,5,49,0,19,8,90,0,0,0,,,14,21.9,HutcXa00
Charlie Jones,CIN,WR,25,11,0,0,0,0,2,13,0,9,7,64,0,0,0,,,14,20.7,JoneCh11
Terrace Marshall Jr.,CAR,WR,23,9,4,0,0,0,0,0,0,33,19,139,0,1,0,,,14,32.9,MarsTe00
Byron Pringle,WAS,WR,30,17,1,0,0,0,0,0,0,22,14,161,0,1,1,,,14,28.1,PrinBy00
Ben Skowronek,LAR,WR,26,17,0,0,0,0,2,9,0,12,8,66,1,0,0,,,14,21.5,SkowBe00
Tyquan Thornton,NWE,WR,23,9,3,0,0,0,3,51,0,23,13,91,0,0,0,,,14,27.2,ThorTy00
Jordan Akins,CLE,TE,31,17,4,0,0,0,0,0,0,23,15,132,0,0,0,,,13,28.2,AkinJo00
Isaiah Spiller,LAC,RB,22,9,0,0,0,0,37,96,0,6,6,34,0,0,0,,,13,19.0,SpilIs00
Stephen Sullivan,CAR,TE,27,11,0,0,0,0,0,0,0,24,12,125,0,0,0,,,13,24.5,SullSt00
Lynn Bowden Jr.,NOR,WR,26,15,3,0,0,0,5,32,0,16,11,83,0,1,0,,,12,22.5,BowdLy00
Jason Brownlee,NYJ,WR,24,7,5,0,0,0,0,0,0,8,5,56,1,0,0,,,12,16.6,BrowJa07
Randall Cobb,NYJ,WR,33,11,1,0,0,0,0,0,0,17,5,39,1,0,0,1,,12,16.9,CobbRa00
Tyler Goodson,IND,RB,23,6,1,0,0,0,13,87,0,9,6,34,0,0,0,,,12,18.1,GoodTy00
Alec Ingold*,MIA,FB,27,17,13,0,0,0,2,0,0,16,13,119,0,0,0,,,12,24.9,IngoAl01
Marcus Mariota,PHI,QB,30,3,0,164,1,1,8,52,0,0,0,0,0,1,1,,,12,11.8,MariMa01
D.J. Montgomery,IND,WR,27,7,0,0,0,0,0,0,0,8,3,56,1,0,0,,,12,14.6,MontDJ01
Boston Scott,PHI,RB,28,15,0,0,0,0,20,86,0,6,4,52,0,1,1,,,12,15.8,ScotBo02
Laviska Shenault Jr.,CAR,WR,25,8,0,0,0,0,12,55,0,10,10,60,0,1,0,,,12,21.5,ShenLa00
Cole Turner,WAS,TE,23,12,1,0,0,0,0,0,0,15,11,120,0,0,0,,,12,23.0,TurnCo00
C.J. Uzomah,NYJ,TE,30,12,8,0,0,0,0,0,0,12,8,58,1,0,0,,,12,19.8,UzomC.00
Jameis Winston,NOR,QB,29,7,0,264,2,3,5,-6,0,0,0,0,0,0,0,,,12,12.0,WinsJa00
Raheem Blackshear,CAR,RB,24,12,0,0,0,0,14,46,0,7,6,45,0,0,0,1,,11,17.1,BlacRa00
Brandon Bolden,LVR,RB,33,17,0,0,0,0,4,31,1,0,0,0,0,0,0,1,,11,11.1,BoldBr00
Tim Boyle,NYJ,QB,29,3,2,360,1,4,4,5,0,0,0,0,0,2,0,,,11,10.9,BoylTi00
Chris Brooks,MIA,RB,23,9,0,0,0,0,19,106,0,0,0,0,0,0,0,,,11,10.6,BrooCh00
Mecole Hardman,2TM,WR,25,11,2,0,0,0,1,3,0,24,15,124,0,1,1,,,11,25.7,HardMe00
La'Mical Perine,KAN,RB,25,3,1,0,0,0,22,77,0,5,3,33,0,0,0,,,11,14.0,PeriLa00
Patrick Ricard,BAL,FB,29,17,9,0,0,0,0,0,0,7,5,52,1,0,0,,,11,16.2,RicaPa00
Robert Tonyan,CHI,TE,29,17,6,0,0,0,0,0,0,17,11,112,0,0,0,,,11,22.2,TonyRo00
Emanuel Wilson,GNB,RB,24,7,0,0,0,0,14,85,0,5,4,23,0,1,0,,,11,14.8,WilsEm00
Lawrence Cager,NYG,TE,26,11,0,0,0,0,0,0,0,5,4,36,1,0,0,,,10,13.6,CageLa01
Parris Campbell,NYG,WR,26,12,3,0,0,0,0,0,0,27,20,104,0,0,0,,,10,30.4,CampPa00
J.K. Dobbins,BAL,RB,25,1,1,0,0,0,8,22,1,3,2,15,0,0,0,,,10,11.7,DobbJK00
Marquise Goodwin,CLE,WR,33,12,0,0,0,0,4,33,0,13,4,67,0,0,0,,,10,14.0,GoodMa00
Keaontay Ingram,ARI,RB,24,8,1,0,0,0,35,74,0,4,4,26,0,0,0,,,10,14.0,IngrKe01
Case Keenum,HOU,QB,35,2,2,291,1,3,2,1,0,0,0,0,0,1,0,,,10,9.7,KeenCa00
Keith Kirkwood,NOR,WR,29,13,4,0,0,0,0,0,0,9,5,37,1,0,0,,,10,14.7,KirkKe00
Hunter Luepke,DAL,RB,23,17,0,0,0,0,6,19,1,4,3,18,0,0,0,,,10,12.7,LuepHu00
Sterling Shepard,NYG,WR,30,15,2,0,0,0,1,6,0,22,10,57,1,1,1,,,10,20.3,ShepSt00
Brenton Strange,JAX,TE,23,14,4,0,0,0,0,0,0,9,5,35,1,0,0,,,10,14.5,StraBr00
Israel Abanikanda,NYJ,RB,21,6,0,0,0,0,22,70,0,11,7,43,0,1,1,,,9,16.3,AbanIs00
Nick Bawden,NYJ,FB,27,16,2,0,0,0,2,4,1,3,3,21,0,0,0,,,9,11.5,BawdNi00
Richie James,KAN,WR,28,9,1,0,0,0,0,0,0,14,10,114,0,2,1,,,9,19.4,JameRi00
Marcedes Lewis,CHI,TE,39,17,4,0,0,0,0,0,0,5,4,29,1,0,0,,,9,12.9,LewiMa00
Quintin Morris,BUF,TE,24,15,0,0,0,0,0,0,0,3,2,26,1,0,0,,,9,10.6,MorrQu00
Geoff Swaim,ARI,TE,30,14,8,0,0,0,0,0,0,11,10,94,0,0,0,,,9,19.4,SwaiGe00
Brycen Hopkins,LAR,TE,26,15,0,0,0,0,0,0,0,7,5,78,0,0,0,,,8,12.8,HopkBr01
Tim Jones,JAX,WR,25,17,2,0,0,0,0,0,0,18,11,83,0,0,0,,,8,19.3,JoneTi00
Dare Ogunbowale,HOU,RB,29,12,0,0,0,0,8,35,0,7,2,18,0,0,0,,,8,10.3,OgunDa00
Ben Sims,GNB,TE,23,17,1,0,0,0,0,0,0,6,4,21,1,0,0,,,8,12.1,SimsBe00
Samori Toure,GNB,WR,25,11,0,0,0,0,0,0,0,18,8,78,0,1,1,1,,8,15.8,TourSa00
Deuce Vaughn,DAL,RB,22,7,0,0,0,0,23,40,0,7,7,40,0,0,0,,,8,15.0,VaugDe00
Trayveon Williams,CIN,RB,26,17,0,0,0,0,15,69,0,9,7,10,0,0,0,,,8,14.9,WillTr06
Blake Bell,KAN,TE,32,17,3,0,0,0,0,0,0,9,5,26,1,1,1,,,7,11.6,BellBl00
Gary Brightwell,NYG,RB,24,7,0,0,0,0,9,19,0,7,5,47,0,0,0,,,7,11.6,BrigGa00
Chris Conley,SFO,WR,31,8,0,0,0,0,0,0,0,6,3,69,0,0,0,,,7,9.9,ConlCh00
Josiah Deguara,GNB,TE,26,15,4,0,0,0,0,0,0,8,8,65,0,0,0,,,7,14.5,DeguJo00
Simi Fehoko,LAC,WR,26,6,0,0,0,0,0,0,0,2,1,9,1,0,0,,,7,7.9,FehoSi00
Eric Gray,NYG,RB,24,13,0,0,0,0,17,48,0,7,6,22,0,3,0,,,7,13.0,GrayEr01
Tyler Johnson,LAR,WR,25,1,0,0,0,0,0,0,0,3,2,8,1,0,0,,,7,8.8,JohnTy00
Velus Jones Jr.,CHI,WR,26,14,0,0,0,0,8,51,0,7,4,20,0,0,0,,,7,11.1,JoneVe00
Clayton Tune,ARI,QB,24,7,1,62,0,2,8,30,1,0,0,0,0,2,1,1,,7,7.5,TuneCl00
Tylan Wallace,BAL,WR,24,11,0,0,0,0,0,0,0,2,1,11,0,0,0,,,7,8.1,WallTy00
Jalen Brooks,DAL,WR,23,7,0,0,0,0,0,0,0,6,6,64,0,0,0,,,6,12.4,BrooJa03
DeAndre Carter,LVR,WR,30,17,1,0,0,0,3,18,0,7,4,39,0,2,0,,,6,9.7,CartDe02
Payne Durham,TAM,TE,23,13,2,0,0,0,0,0,0,7,5,58,0,0,0,,,6,10.8,DurhPa00
Blaine Gabbert,KAN,QB,34,2,1,185,0,3,7,45,0,0,0,0,0,0,0,,,6,5.9,GabbBl00
Rakim Jarrett,TAM,WR,22,10,0,0,0,0,1,0,0,9,4,60,0,0,0,,,6,10.0,JarrRa00
Ko Kieft,TAM,TE,25,16,6,0,0,0,0,0,0,5,1,2,1,0,0,,,6,7.2,KiefKo00
Isaiah McKenzie,IND,WR,28,13,2,0,0,0,3,14,0,14,11,82,0,3,2,,,6,16.6,McKeIs00
Equanimeous St. Brown,CHI,WR,27,7,2,0,0,0,0,0,0,6,5,62,0,0,0,,,6,11.2,St.BEq00
Ian Thomas,CAR,TE,27,12,5,0,0,0,0,0,0,9,5,56,0,0,0,,,6,10.6,ThomIa00
Darnell Washington,PIT,TE,22,17,7,0,0,0,0,0,0,10,7,61,0,0,0,,,6,13.1,WashDa03
Mitchell Wilcox,CIN,TE,27,17,4,0,0,0,0,0,0,12,9,56,0,0,0,,,6,14.6,WilcMi01
Damien Williams,ARI,RB,31,3,0,0,0,0,11,43,0,2,2,12,0,0,0,,,6,7.5,WillDa05
Brian Hoyer,LVR,QB,38,3,1,231,0,2,3,-3,0,0,0,0,0,0,0,,,5,4.9,HoyeBr00
Ty Montgomery,NWE,WR,30,13,0,0,0,0,3,9,0,12,5,40,0,0,0,,,5,9.9,MontTy01
Justyn Ross,KAN,WR,24,10,1,0,0,0,0,0,0,11,6,53,0,0,0,,,5,11.3,RossJu00
Brett Rypien,LAR,QB,27,2,1,172,0,1,3,19,0,0,0,0,0,2,1,,,5,4.8,RypiBr00
Mike Strachan,CAR,WR,26,4,1,0,0,0,0,0,0,3,1,45,0,0,0,,,5,5.5,StraMi03
Michael Burton,DEN,FB,31,17,3,0,0,0,7,9,0,3,3,8,0,0,0,1,,4,6.7,BurtMi00
Grant Calcaterra,PHI,TE,25,15,1,0,0,0,0,0,0,4,4,39,0,0,0,,,4,7.9,CalcGr00
Elijah Cooks,JAX,WR,25,9,0,0,0,0,0,0,0,4,3,38,0,0,0,,,4,6.8,CookEl00
Britain Covey,PHI,WR,26,16,0,0,0,0,0,0,0,6,4,42,0,2,0,,,4,8.2,CoveBr00
Leonard Fournette,BUF,RB,28,2,0,0,0,0,12,40,0,0,0,0,0,0,0,,,4,4.0,FourLe00
Peyton Hendershot,DAL,TE,24,8,1,0,0,0,1,0,0,7,4,38,0,0,0,,,4,7.8,HendPe01
Rashaad Penny,PHI,RB,27,3,0,0,0,0,11,33,0,1,1,5,0,0,0,,,4,4.8,PennRa00
Jack Stoll,PHI,TE,25,17,10,0,0,0,0,0,0,8,5,38,0,0,0,,,4,8.8,StolJa00
Ke'Shawn Vaughn,TAM,RB,26,6,0,0,0,0,24,42,0,5,2,2,0,0,0,,,4,6.4,VaugKe00
Khari Blasingame,CHI,FB,27,16,2,0,0,0,8,26,0,6,3,2,0,0,0,,,3,5.8,BlasKh00
Keelan Doss,LAC,WR,27,5,0,0,0,0,0,0,0,13,6,33,0,0,0,,,3,9.3,DossKe00
Greg Dulcich,DEN,TE,23,2,1,0,0,0,0,0,0,4,3,25,0,0,0,,,3,5.5,DulcGr00
Devin Duvernay,BAL,WR,26,13,1,0,0,0,4,15,0,9,4,18,0,0,0,,,3,7.3,DuveDe00
Derrick Gore,WAS,RB,29,6,0,0,0,0,3,26,0,0,0,0,0,0,0,,,3,2.6,GoreDe00
C.J. Ham*,MIN,FB,30,17,5,0,0,0,1,7,0,9,7,25,0,0,0,,,3,10.2,HamxC.00
Julian Hill,MIA,TE,23,15,4,0,0,0,0,0,0,9,6,48,0,1,1,,,3,8.8,HillJu02
Trishton Jackson,MIN,WR,25,7,0,0,0,0,0,0,0,4,2,9,0,0,0,1,,3,4.9,JackTr02
James Mitchell,DET,TE,24,15,1,0,0,0,0,0,0,2,2,28,0,0,0,,,3,4.8,MitcJa00
Jalen Nailor,MIN,WR,24,6,1,0,0,0,0,0,0,6,3,29,0,0,0,,,3,5.9,NailJa00
Teagan Quitoriano,HOU,TE,23,7,5,0,0,0,0,0,0,3,2,33,0,0,0,,,3,5.3,QuitTe00
Cooper Rush,DAL,QB,30,7,0,144,0,1,12,-5,0,0,0,0,0,0,0,,,3,3.3,RushCo00
Steven Sims,HOU,WR,26,3,0,0,0,0,1,1,0,3,3,25,0,0,0,,,3,5.6,SimsSt00
Keith Smith,ATL,FB,31,13,6,0,0,0,0,0,0,3,3,33,0,0,0,,,3,6.3,SmitKe03
Sean Tucker,TAM,RB,22,11,0,0,0,0,15,23,0,2,2,9,0,0,0,,,3,5.2,TuckSe00
Malik Willis,TEN,QB,24,3,0,74,0,0,5,21,0,0,0,0,0,1,1,,,3,3.1,WillMa12
Charlie Woerner,SFO,TE,26,17,2,0,0,0,0,0,0,3,3,32,0,0,0,,,3,6.2,WoerCh00
Kenny Yeboah,NYJ,TE,25,5,1,0,0,0,0,0,0,4,2,28,0,0,0,,,3,4.8,YeboKe00
Nate Adkins,DEN,TE,24,10,1,0,0,0,0,0,0,5,4,22,0,0,0,,,2,6.2,AdkiNa00
Kayshon Boutte,NWE,WR,21,5,0,0,0,0,0,0,0,7,2,19,0,0,0,,,2,3.9,BoutKa00
Miles Boykin,PIT,WR,27,17,0,0,0,0,0,0,0,4,3,17,0,0,0,,,2,4.7,BoykMi00
DeeJay Dallas,SEA,RB,25,17,0,0,0,0,10,36,0,9,6,26,0,2,2,,,2,8.2,DallDe00
Tyrion Davis-Price,SFO,RB,23,1,0,0,0,0,6,21,0,0,0,0,0,0,0,,,2,2.1,DaviTy03
Elijah Dotson,LAC,RB,24,4,0,0,0,0,4,6,0,2,2,13,0,0,0,,,2,3.9,DotsEl00
Zach Evans,LAR,RB,22,10,0,0,0,0,9,19,0,0,0,0,0,0,0,,,2,1.9,EvanZa00
Erik Ezukanma,MIA,WR,23,2,0,0,0,0,5,22,0,1,0,0,0,0,0,,,2,2.2,EzukEr00
Jake Funk,IND,RB,25,4,0,0,0,0,2,10,0,1,1,12,0,0,0,,,2,3.2,FunkJa00
Jaren Hall,MIN,QB,25,3,2,168,0,1,6,14,0,0,0,0,0,2,2,,,2,2.1,HallJa00
Marvin Jones,DET,WR,33,6,4,0,0,0,0,0,0,10,5,35,0,1,1,,,2,6.5,JoneMa02
Zonovan Knight,DET,RB,22,2,0,0,0,0,3,13,0,1,1,8,0,0,0,,,2,3.1,KnigZo00
Chris Manhertz,DEN,TE,31,16,4,0,0,0,0,0,0,4,2,16,0,0,0,,,2,3.6,ManhCh00
Nick Muse,MIN,TE,25,2,0,0,0,0,0,0,0,1,1,22,0,0,0,,,2,3.2,MuseNi00
Gunner Olszewski,2TM,WR,27,12,0,0,0,0,0,0,0,1,1,0,0,4,2,,,2,3.0,OlszGu00
Zach Pascal,ARI,WR,29,14,1,0,0,0,0,0,0,15,4,19,0,0,0,,,2,5.9,PascZa00
Laquon Treadwell,BAL,WR,28,5,1,0,0,0,0,0,0,3,1,16,0,0,0,,,2,2.6,TreaLa00
Trevon Wesco,TEN,TE,28,15,10,0,0,0,0,0,0,3,1,21,0,0,0,,,2,3.1,WescTr00
Mike White,MIA,QB,28,6,0,74,1,1,8,-9,0,0,0,0,0,1,1,,,2,2.1,WhitMi01
Alex Armah,WAS,RB,29,8,0,0,0,0,0,0,0,3,3,13,0,0,0,,,1,4.3,ArmaAl00
Sean Clifford,GNB,QB,25,2,0,37,0,0,3,-2,0,0,0,0,0,1,0,,,1,1.3,ClifSe00
Jashaun Corbin,NYG,RB,23,6,0,0,0,0,1,1,0,3,3,12,0,0,0,,,1,4.3,CorbJa01
Kenyan Drake,2TM,RB,29,3,0,0,0,0,2,0,0,3,2,31,0,1,1,,,1,3.1,DrakKe00
Ross Dwelley,SFO,TE,28,12,0,0,0,0,0,0,0,2,1,12,0,0,0,,,1,2.2,DwelRo00
D'Wayne Eskridge,SEA,WR,26,4,0,0,0,0,2,5,0,1,0,0,0,0,0,,,1,0.5,EskrDW00
Chris Evans,CIN,RB,26,8,0,0,0,0,2,12,0,1,1,-1,0,0,0,,,1,2.1,EvanCh02
Tucker Fisk,ATL,TE,24,6,2,0,0,0,0,0,0,1,1,9,0,0,0,,,1,1.9,FiskTu00
John FitzPatrick,ATL,TE,23,9,0,0,0,0,0,0,0,1,1,12,0,0,0,,,1,2.2,FitzJo00
Cole Fotheringham,LVR,TE,26,2,0,0,0,0,0,0,0,1,1,6,0,0,0,,,1,1.6,FothCo00
Evan Hull,IND,RB,23,1,0,0,0,0,1,1,0,1,1,6,0,0,0,,,1,1.7,HullEv00
Collin Johnson,CHI,WR,26,3,0,0,0,0,0,0,0,1,1,11,0,0,0,,,1,2.1,JohnCo01
Jakob Johnson,LVR,FB,29,13,5,0,0,0,0,0,0,2,1,12,0,0,0,,,1,2.2,JohnJa12
Mason Kinsey,TEN,WR,25,6,0,0,0,0,0,0,0,1,1,6,0,0,0,,,1,1.6,KinsMa00
A.J. McCarron,CIN,QB,33,2,0,19,0,0,0,0,0,0,0,0,0,0,0,,,1,0.8,McCaA.00
Anthony McFarland Jr.,PIT,RB,25,3,0,0,0,0,0,0,0,2,2,11,0,0,0,,,1,3.1,McFaAn00
Kene Nwangwu,MIN,RB,25,9,0,0,0,0,5,13,0,0,0,0,0,0,0,,,1,1.3,NwanKe00
Devine Ozigbo,DET,RB,27,3,0,0,0,0,3,5,0,1,1,8,0,0,0,,,1,2.3,OzigDe01
Kevin Rader,TEN,TE,28,14,0,0,0,0,0,0,0,3,1,6,0,0,0,,,1,1.6,RadeKe00
Eric Saubert,2TM,TE,29,10,1,0,0,0,0,0,0,3,3,12,0,0,0,,,1,4.2,SaubEr00
Willie Snead,SFO,WR,31,4,0,0,0,0,0,0,0,3,2,14,0,0,0,,,1,3.4,SneaWi00
Malik Taylor,NYJ,WR,28,3,0,0,0,0,0,0,0,4,2,13,0,0,0,,,1,3.3,TaylMa01
Cody Thompson,SEA,WR,27,7,0,0,0,0,0,0,0,1,1,10,0,0,0,,,1,2.0,ThomCo04
Austin Trammell,LAR,WR,25,16,0,0,0,0,0,0,0,7,4,29,0,3,1,,,1,4.9,TramAu00
Jonathan Ward,TEN,RB,26,7,0,0,0,0,3,11,0,0,0,0,0,0,0,,,1,1.1,WardJo00
Devon Allen,PHI,WR,29,2,0,0,0,0,0,0,0,0,0,0,0,0,0,,,,,AlleDe02
Stephen Anderson,LAC,TE,30,3,0,0,0,0,0,0,0,0,0,0,0,0,0,,,,,AndeSt01
Andre Baccellia,ARI,WR,26,5,0,0,0,0,0,0,0,0,0,0,0,0,0,,,,,BaccAn00
Michael Bandy,DEN,WR,26,1,0,0,0,0,0,0,0,0,0,0,0,0,0,,,,,BandMi00
Matt Barkley,JAX,QB,33,1,0,0,0,0,3,-3,0,0,0,0,0,0,0,,,,-0.3,BarkMa00
Nick Bellore*,SEA,FB,34,16,0,0,0,0,0,0,0,0,0,0,0,0,0,,,,,BellNi01
Chris Blair,ATL,WR,26,1,0,0,0,0,0,0,0,0,0,0,0,0,0,,,,,BlaiCh00
Teddy Bridgewater,DET,QB,31,1,0,0,0,0,2,-2,0,0,0,0,0,0,0,,,,-0.2,BridTe00
Matt Bushman,KAN,TE,28,1,0,0,0,0,0,0,0,0,0,0,0,0,0,,,,,BushMa00
Terrell Bynum,LAC,WR,25,1,0,0,0,0,0,0,0,0,0,0,0,0,0,,,,,BynuTe00
Damiere Byrd,ATL,WR,30,1,0,0,0,0,0,0,0,2,0,0,0,0,0,,,,,ByrdDa00
Jason Cabinda,DET,FB,27,4,0,0,0,0,1,0,0,0,0,0,0,0,0,,,,,CabiJa00
Marquez Callaway,NOR,WR,25,3,0,0,0,0,0,0,0,0,0,0,0,0,0,,,,,CallMa01
Stephen Carlson,CHI,TE,27,1,0,0,0,0,0,0,0,0,0,0,0,0,0,,,,,CarlSt00
Irvin Charles,NYJ,WR,26,12,0,0,0,0,0,0,0,1,0,0,0,0,0,,,,,CharIr00
Julius Chestnut,TEN,RB,23,3,0,0,0,0,0,0,0,0,0,0,0,0,0,,,,,ChesJu00
Dan Chisena,ARI,WR,26,4,0,0,0,0,0,0,0,0,0,0,0,0,0,,,,,ChisDa00
Corey Clement,ARI,RB,29,3,0,0,0,0,0,0,0,0,0,0,0,0,0,,,,,ClemCo00
Tanner Conner,MIA,TE,25,3,0,0,0,0,0,0,0,0,0,0,0,0,0,,,,,ConnTa00
Malik Cunningham,2TM,QB,25,2,0,0,0,0,0,0,0,0,0,0,0,0,0,,,,,CunnMa00
Darrell Daniels,DET,TE,29,3,0,0,0,0,0,0,0,0,0,0,0,0,0,,,,,DaniDa02
Frank Darby,ATL,WR,26,1,0,0,0,0,0,0,0,0,0,0,0,0,0,,,,,DarbFr00
Jaelon Darden,CLE,WR,24,1,0,0,0,0,0,0,0,0,0,0,0,0,0,,,,,DardJa00
Malik Davis,DAL,RB,25,3,0,0,0,0,0,0,0,0,0,0,0,0,0,,,,,DaviMa02
Phillip Dorsett,DEN,WR,30,2,1,0,0,0,0,0,0,3,0,0,0,0,0,,,,,DorsPh00
Colton Dowell,TEN,WR,24,10,1,0,0,0,0,0,0,2,1,3,0,0,0,,,,1.3,DoweCo00
Dylan Drummond,DET,WR,23,1,0,0,0,0,0,0,0,0,0,0,0,0,0,,,,,DrumDy00
Sam Ehlinger,IND,QB,25,1,0,0,0,0,0,0,0,0,0,0,0,0,0,,,,,EhliSa00
Princeton Fant,DAL,TE,24,2,0,0,0,0,0,0,0,0,0,0,0,0,0,,,,,FantPr00
Ethan Fernea,IND,WR,25,3,0,0,0,0,0,0,0,0,0,0,0,0,0,,,,,FernEt00
Anthony Firkser,DET,TE,28,2,0,0,0,0,0,0,0,0,0,0,0,0,0,,,,,FirkAn00
Dez Fitzpatrick,PIT,WR,26,1,0,0,0,0,0,0,0,0,0,0,0,0,0,,,,,FitzDe00
Myles Gaskin,2TM,RB,26,3,0,0,0,0,0,0,0,0,0,0,0,0,0,,,,,GaskMy00
Zach Gentry,LVR,TE,27,1,0,0,0,0,0,0,0,0,0,0,0,0,0,,,,,GentZa00
Reggie Gilliam,BUF,FB,26,17,0,0,0,0,0,0,0,1,1,3,0,0,0,,,,1.3,GillRe00
Antoine Green,DET,WR,24,9,0,0,0,0,0,0,0,2,1,2,0,0,0,,,,1.2,GreeAn00
Jacob Harris,JAX,WR,26,2,0,0,0,0,0,0,0,0,0,0,0,0,0,,,,,HarrJa03
N'Keal Harry,MIN,WR,26,9,0,0,0,0,0,0,0,0,0,0,0,0,0,,,,,HarrNK00
Jamycal Hasty,2TM,RB,27,5,0,0,0,0,0,0,0,2,0,0,0,0,0,,,,,HastJa02
Parker Hesse,ATL,TE,28,3,0,0,0,0,0,0,0,0,0,0,0,0,0,,,,,HessPa00
J.P. Holtz,NOR,TE,30,1,0,0,0,0,0,0,0,0,0,0,0,0,0,,,,,HoltJ.01
Travis Homer,CHI,RB,25,16,0,0,0,0,0,0,0,1,0,0,0,0,0,,,,,HomeTr00
Jesper Horsted,LVR,TE,26,13,0,0,0,0,0,0,0,1,1,4,0,0,0,,,,1.4,HorsJe00
Mohamed Ibrahim,DET,RB,25,1,0,0,0,0,0,0,0,0,0,0,0,0,0,,,,,IbraMo00
Godwin Igwebuike,2TM,RB,29,12,0,0,0,0,0,0,0,0,0,0,0,0,0,,,,,IgweGo00
Andy Isabella,BUF,WR,27,2,0,0,0,0,0,0,0,0,0,0,0,0,0,,,,,IsabAn00
Kearis Jackson,TEN,WR,24,2,0,0,0,0,0,0,0,0,0,0,0,0,0,,,,,JackKe02
Lucky Jackson,MIN,WR,32,3,0,0,0,0,0,0,0,0,0,0,0,0,0,,,,,JackLu00
Shedrick Jackson,CIN,WR,24,5,0,0,0,0,0,0,0,1,0,0,0,0,0,,,,,JackSh01
Tyree Jackson,NYG,TE,26,2,1,0,0,0,0,0,0,0,0,0,0,0,0,,,,,JackTy01
Johnny Johnson,HOU,WR,24,1,0,0,0,0,0,0,0,0,0,0,0,0,0,,,,,JohnJo12
Hunter Kampmoyer,LAC,TE,25,1,0,0,0,0,0,0,0,0,0,0,0,0,0,,,,,KampHu00
Dalton Keene,HOU,TE,24,1,0,0,0,0,0,0,0,0,0,0,0,0,0,,,,,KeenDa00
Tyler Kroft,MIA,TE,31,8,0,0,0,0,0,0,0,0,0,0,0,0,0,,,,,KrofTy00
Zack Kuntz,NYJ,TE,24,1,0,0,0,0,0,0,0,0,0,0,0,0,0,,,,,KuntZa00
Kwamie Lassiter II,CIN,WR,25,1,0,0,0,0,0,0,0,1,1,2,0,0,0,,,,1.2,LassKw00
Hunter Long,LAR,TE,25,4,1,0,0,0,0,0,0,0,0,0,0,0,0,,,,,LongHu00
Tay Martin,SFO,WR,26,1,0,0,0,0,0,0,0,0,0,0,0,0,0,,,,,MartTa00
Ben Mason,BAL,FB,24,1,0,0,0,0,0,0,0,0,0,0,0,0,0,,,,,MasoBe00
Jordan Matthews,CAR,TE,31,1,0,0,0,0,0,0,0,0,0,0,0,0,0,,,,,MattJo00
Kenny McIntosh,SEA,RB,23,3,0,0,0,0,0,0,0,0,0,0,0,0,0,,,,,McInKe00
Sean McKeon,DAL,TE,26,9,0,0,0,0,0,0,0,2,0,0,0,0,0,,,,,McKeSe01
Tre' McKitty,LAC,TE,24,6,0,0,0,0,0,0,0,0,0,0,0,0,0,,,,,McKiTr00
Jeremy McNichols,SFO,RB,28,3,0,0,0,0,0,0,0,0,0,0,0,0,0,,,,,McNiJe00
Kirk Merritt,NOR,WR,26,1,0,0,0,0,0,0,0,0,0,0,0,0,0,,,,,MerrKi00
Ryan Miller,TAM,WR,23,1,0,0,0,0,0,0,0,0,0,0,0,0,0,,,,,MillRy01
Jordan Mims,NOR,RB,24,2,0,0,0,0,0,0,0,2,0,0,0,0,0,,,,,MimsJo00
Stanley Morgan Jr.,CIN,WR,27,3,0,0,0,0,0,0,0,0,0,0,0,0,0,,,,,MorgSt02
Albert Okwuegbunam,PHI,TE,25,4,0,0,0,0,0,0,0,1,0,0,0,0,0,,,,,OkwuAl00
Qadree Ollison,PIT,RB,27,2,0,0,0,0,0,0,0,0,0,0,0,0,0,,,,,OlliQa00
Henry Pearson,GNB,FB,24,2,0,0,0,0,0,0,0,0,0,0,0,0,0,,,,,PearHe00
Josh Pederson,JAX,TE,26,3,0,0,0,0,0,0,0,0,0,0,0,0,0,,,,,PedeJo00
Nathan Peterman,CHI,QB,29,2,0,0,0,0,2,-4,0,0,0,0,0,1,0,,,,-0.4,PeteNa00
Adam Prentice,NOR,FB,26,13,1,0,0,0,2,12,0,3,2,12,0,1,1,,,,2.4,PrenAd00
Deneric Prince,KAN,RB,23,2,0,0,0,0,0,0,0,0,0,0,0,0,0,,,,,PrinDe00
Giovanni Ricci,CAR,FB,27,5,0,0,0,0,0,0,0,1,1,2,0,0,0,,,,1.2,RiccGi00
James Robinson,GNB,RB,25,1,0,0,0,0,1,2,0,1,1,-2,0,0,0,,,,1.0,RobiJa00
Aaron Rodgers,NYJ,QB,40,1,1,0,0,0,0,0,0,0,0,0,0,0,0,,,,,RodgAa00
Amari Rodgers,IND,WR,24,3,0,0,0,0,0,0,0,2,0,0,0,0,0,,,,,RodgAm00
Brady Russell,SEA,TE,25,15,0,0,0,0,0,0,0,0,0,0,0,0,0,,,,,RussBr00
David Sills,DEN,WR,27,3,1,0,0,0,0,0,0,0,0,0,0,0,0,,,,,SillDa01
Matthew Slater,NWE,WR,38,16,0,0,0,0,0,0,0,0,0,0,0,0,0,,,,,SlatMa00
Tre'Quan Smith,DEN,WR,27,1,0,0,0,0,0,0,0,0,0,0,0,0,0,,,,,SmitTr03
Matt Sokol,NWE,TE,28,3,1,0,0,0,0,0,0,0,0,0,0,0,0,,,,,SokoMa00
SaRodorick Thompson,SEA,RB,24,1,0,0,0,0,0,0,0,0,0,0,0,0,0,,,,,ThomSa00
Mitchell Tinsley,WAS,WR,24,2,0,0,0,0,0,0,0,0,0,0,0,0,0,,,,,TinsMi00
Noah Togiai,PHI,TE,26,1,0,0,0,0,0,0,0,0,0,0,0,0,0,,,,,TogiNo00
Kyle Trask,TAM,QB,25,2,0,0,0,0,1,-1,0,0,0,0,0,0,0,,,,-0.1,TrasKy00
DJ Turner,LVR,WR,26,10,0,0,0,0,0,0,0,0,0,0,0,0,0,,,,,TurnDJ00
Xazavian Valladay,NYJ,RB,25,1,0,0,0,0,0,0,0,0,0,0,0,0,0,,,,,VallXa00
Nick Vannett,LAC,TE,30,8,5,0,0,0,0,0,0,1,1,3,0,0,0,,,,1.3,VannNi00
Travis Vokolek,ARI,TE,25,2,0,0,0,0,0,0,0,0,0,0,0,0,0,,,,,VokoTr00
Dwayne Washington,DEN,RB,29,13,0,0,0,0,0,0,0,0,0,0,0,0,0,,,,,WashDw00
Montrell Washington,KAN,WR,24,6,0,0,0,0,0,0,0,0,0,0,0,2,0,,,,,WashMo00
Blake Whiteheart,ARI,TE,23,2,0,0,0,0,0,0,0,0,0,0,0,0,0,,,,,WhitBl01
Kristian Wilkerson,LVR,WR,26,2,1,0,0,0,0,0,0,0,0,0,0,0,0,,,,,WilkKr00
Brayden Willis,SFO,TE,24,7,0,0,0,0,0,0,0,0,0,0,0,0,0,,,,,WillBr06
Jonathan Williams,WAS,RB,29,1,0,0,0,0,1,-2,0,1,0,0,0,0,0,,,,-0.2,WillJo07
Rodney Williams,PIT,TE,25,13,0,0,0,0,0,0,0,2,0,0,0,0,0,,,,,WillRo08
Juwann Winfree,IND,WR,27,8,1,0,0,0,0,0,0,1,0,0,0,0,0,,,,,WinfJu00
Easop Winston,SEA,WR,27,1,0,0,0,0,0,0,0,0,0,0,0,0,0,,,,,WinsEa00
Logan Woodside,ATL,QB,28,1,0,27,0,1,1,6,0,0,0,0,0,0,0,,,,-0.3,WoodLo00
Owen Wright,BAL,RB,24,1,0,0,0,0,0,0,0,0,0,0,0,0,0,,,,,WrigOw00
Dareke Young,SEA,WR,24,6,0,0,0,0,0,0,0,0,0,0,0,0,0,,,,,YounDa02
Kyle Allen,BUF,QB,27,7,0,0,0,0,13,-13,0,0,0,0,0,0,0,,,-1,-1.3,AlleKy00
Deon Jackson,3TM,RB,24,4,1,0,0,0,14,16,0,6,5,14,0,2,2,,,-1,4.0,JackDe02
David Wells,TAM,TE,28,5,0,0,0,0,0,0,0,2,2,-10,0,1,0,,,-1,1.0,WellDa00
James Proche,CLE,WR,27,10,1,0,0,0,0,0,0,5,0,0,0,1,1,,,-2,-2.0,ProcJa00
Trent Taylor,CHI,WR,29,17,0,0,0,0,1,-2,0,2,0,0,0,2,1,,,-2,-2.2,TaylTr02